,Valid,Believable,Percentage,log_prob,Option
0,Invalid,Unbelievable,True,-0.05329695716500282,Real-life Objects
1,Valid,Unbelievable,True,-0.5329112410545349,Real-life Objects
2,Valid,Unbelievable,True,-0.6237159967422485,Real-life Objects
3,Invalid,Believable,True,-0.217843696475029,Real-life Objects
4,Invalid,Unbelievable,False,-0.11519724875688553,Real-life Objects
5,Valid,Believable,True,-0.0005357022164389491,Real-life Objects
6,Invalid,Believable,True,-0.24680286645889282,Real-life Objects
7,Invalid,Believable,True,-0.05434107780456543,Real-life Objects
8,Invalid,Believable,True,-0.2936190366744995,Real-life Objects
9,Invalid,Unbelievable,False,-0.2517797648906708,Real-life Objects
10,Valid,Unbelievable,True,-0.06809833645820618,Real-life Objects
11,Valid,Believable,True,-0.0005324853118509054,Real-life Objects
12,Valid,Believable,True,-0.11875414848327637,Real-life Objects
13,Valid,Unbelievable,True,-0.06870507448911667,Real-life Objects
14,Invalid,Unbelievable,True,-0.001764765940606594,Real-life Objects
15,Invalid,Unbelievable,False,-0.2651348412036896,Real-life Objects
16,Valid,Unbelievable,True,-0.09743063896894455,Real-life Objects
17,Invalid,Believable,True,-0.9217840433120728,Real-life Objects
18,Invalid,Unbelievable,False,-0.5298084616661072,Real-life Objects
19,Invalid,Unbelievable,False,-0.0420052632689476,Real-life Objects
20,Invalid,Unbelievable,True,-0.5507728457450867,Real-life Objects
21,Invalid,Believable,True,-0.13395442068576813,Real-life Objects
22,Valid,Believable,True,-0.2451929897069931,Real-life Objects
23,Valid,Believable,True,-0.09831193089485168,Real-life Objects
24,Invalid,Believable,True,-0.8522504568099976,Real-life Objects
25,Invalid,Believable,True,-0.06533822417259216,Real-life Objects
26,Invalid,Unbelievable,False,-0.44865864515304565,Real-life Objects
27,Valid,Believable,True,-0.06738291680812836,Real-life Objects
28,Valid,Unbelievable,True,-0.045027729123830795,Real-life Objects
29,Invalid,Unbelievable,False,-0.21654491126537323,Real-life Objects
30,Valid,Unbelievable,True,-0.4403514862060547,Real-life Objects
31,Valid,Believable,True,-0.09508617222309113,Real-life Objects
32,Valid,Believable,True,-1.400547742843628,Real-life Objects
33,Invalid,Unbelievable,False,-0.2741190493106842,Real-life Objects
34,Valid,Believable,True,-0.10509821027517319,Real-life Objects
35,Valid,Believable,True,-0.12000379711389542,Real-life Objects
36,Valid,Unbelievable,True,-0.0003912875254172832,Real-life Objects
37,Invalid,Unbelievable,False,-0.2577309310436249,Real-life Objects
38,Invalid,Believable,True,-0.00046456989366561174,Real-life Objects
39,Invalid,Unbelievable,False,-0.039325665682554245,Real-life Objects
40,Valid,Believable,True,-0.07324080169200897,Real-life Objects
41,Invalid,Unbelievable,False,-0.5817430019378662,Real-life Objects
42,Invalid,Believable,True,-0.127096027135849,Real-life Objects
43,Invalid,Unbelievable,False,-0.7939327955245972,Real-life Objects
44,Invalid,Unbelievable,False,-0.045511603355407715,Real-life Objects
45,Invalid,Unbelievable,False,-1.0460718870162964,Real-life Objects
46,Valid,Unbelievable,True,-0.24816779792308807,Real-life Objects
47,Valid,Believable,True,-0.041648562997579575,Real-life Objects
48,Invalid,Unbelievable,True,-1.387751579284668,Real-life Objects
49,Valid,Believable,True,-0.12362457066774368,Real-life Objects
50,Invalid,Unbelievable,False,-0.6386220455169678,Real-life Objects
51,Invalid,Unbelievable,False,-0.32478857040405273,Real-life Objects
52,Invalid,Unbelievable,False,-0.7527015209197998,Real-life Objects
53,Invalid,Unbelievable,False,-0.6427709460258484,Real-life Objects
54,Invalid,Unbelievable,True,-0.2774186134338379,Real-life Objects
55,Valid,Believable,True,-0.9877716302871704,Real-life Objects
56,Valid,Believable,True,-0.10509821027517319,Real-life Objects
57,Valid,Believable,True,-0.11722413450479507,Real-life Objects
58,Valid,Believable,True,-0.19457454979419708,Real-life Objects
59,Valid,Believable,True,-0.0007085673278197646,Real-life Objects
60,Valid,Believable,True,-0.43606558442115784,Real-life Objects
61,Valid,Believable,True,-0.06502237170934677,Real-life Objects
62,Valid,Believable,True,-0.11425074934959412,Real-life Objects
63,Valid,Believable,True,-0.13221190869808197,Real-life Objects
64,Valid,Believable,True,-0.0009832315845414996,Real-life Objects
65,Valid,Believable,True,-0.06590177118778229,Real-life Objects
66,Valid,Believable,True,-0.07324080169200897,Real-life Objects
67,Valid,Believable,True,-0.07407868653535843,Real-life Objects
68,Valid,Believable,True,-0.0828811377286911,Real-life Objects
69,Invalid,Believable,True,-0.5012947916984558,Real-life Objects
70,Invalid,Believable,True,-0.217843696475029,Real-life Objects
71,Invalid,Believable,True,-0.11339467763900757,Real-life Objects
72,Invalid,Believable,True,-0.13395442068576813,Real-life Objects
73,Invalid,Believable,True,-0.0016569469589740038,Real-life Objects
74,Invalid,Believable,True,-0.21044346690177917,Real-life Objects
75,Invalid,Believable,True,-0.20224453508853912,Real-life Objects
76,Invalid,Believable,True,-0.09291002154350281,Real-life Objects
77,Invalid,Believable,True,-0.13459856808185577,Real-life Objects
78,Invalid,Believable,True,-0.0013428251259028912,Real-life Objects
79,Invalid,Believable,True,-0.060360025614500046,Real-life Objects
80,Invalid,Believable,True,-0.05434107780456543,Real-life Objects
81,Invalid,Believable,True,-0.0842415988445282,Real-life Objects
82,Invalid,Believable,True,-0.07608771324157715,Real-life Objects
83,Valid,Unbelievable,True,-0.19301186501979828,Real-life Objects
84,Valid,Unbelievable,True,-0.05216168612241745,Real-life Objects
85,Valid,Unbelievable,True,-0.2412819266319275,Real-life Objects
86,Valid,Unbelievable,True,-0.32781481742858887,Real-life Objects
87,Valid,Unbelievable,True,-0.0038687160704284906,Real-life Objects
88,Valid,Unbelievable,True,-0.4319247305393219,Real-life Objects
89,Valid,Unbelievable,True,-0.040299396961927414,Real-life Objects
90,Valid,Unbelievable,True,-0.19106855988502502,Real-life Objects
91,Valid,Unbelievable,True,-0.24922671914100647,Real-life Objects
92,Valid,Unbelievable,True,-0.000847933697514236,Real-life Objects
93,Valid,Unbelievable,True,-0.20788529515266418,Real-life Objects
94,Valid,Unbelievable,True,-0.16455884277820587,Real-life Objects
95,Valid,Unbelievable,True,-0.13057535886764526,Real-life Objects
96,Valid,Unbelievable,True,-0.14719074964523315,Real-life Objects
97,Invalid,Unbelievable,False,-0.7311166524887085,Real-life Objects
98,Invalid,Unbelievable,False,-0.1320633739233017,Real-life Objects
99,Invalid,Unbelievable,False,-0.04597953334450722,Real-life Objects
100,Invalid,Unbelievable,False,-0.0468454584479332,Real-life Objects
101,Invalid,Unbelievable,False,-0.02320060506463051,Real-life Objects
102,Invalid,Unbelievable,False,-0.2517797648906708,Real-life Objects
103,Invalid,Unbelievable,False,-0.17503046989440918,Real-life Objects
104,Invalid,Unbelievable,False,-0.042415421456098557,Real-life Objects
105,Invalid,Unbelievable,False,-0.055906735360622406,Real-life Objects
106,Invalid,Unbelievable,False,-0.0004945961991325021,Real-life Objects
107,Invalid,Unbelievable,False,-0.3729872405529022,Real-life Objects
108,Invalid,Unbelievable,False,-0.4092523455619812,Real-life Objects
109,Invalid,Unbelievable,False,-0.5364395976066589,Real-life Objects
110,Invalid,Unbelievable,False,-0.5505387187004089,Real-life Objects
111,Valid,Believable,True,-1.0485646724700928,Real-life Objects
112,Valid,Believable,True,-0.13269129395484924,Real-life Objects
113,Valid,Believable,True,-0.12146791070699692,Real-life Objects
114,Valid,Believable,True,-0.1510765552520752,Real-life Objects
115,Valid,Believable,True,-0.00025960413040593266,Real-life Objects
116,Valid,Believable,True,-0.6587921380996704,Real-life Objects
117,Valid,Believable,True,-0.20870165526866913,Real-life Objects
118,Valid,Believable,True,-0.11158405244350433,Real-life Objects
119,Valid,Believable,True,-0.12383650988340378,Real-life Objects
120,Valid,Believable,True,-0.0003026265767402947,Real-life Objects
121,Valid,Believable,True,-0.05341358855366707,Real-life Objects
122,Valid,Believable,True,-0.05226532369852066,Real-life Objects
123,Valid,Believable,True,-0.07376791536808014,Real-life Objects
124,Valid,Believable,True,-0.11751098930835724,Real-life Objects
125,Invalid,Believable,-1,-inf,Real-life Objects
126,Invalid,Believable,True,-0.11351600289344788,Real-life Objects
127,Invalid,Believable,True,-0.11228825896978378,Real-life Objects
128,Invalid,Believable,True,-0.162990540266037,Real-life Objects
129,Invalid,Believable,True,-0.0006279165390878916,Real-life Objects
130,Invalid,Believable,True,-0.7414063811302185,Real-life Objects
131,Invalid,Believable,True,-0.23606063425540924,Real-life Objects
132,Invalid,Believable,True,-0.10204221308231354,Real-life Objects
133,Invalid,Believable,True,-0.13593940436840057,Real-life Objects
134,Invalid,Believable,True,-0.0009529816452413797,Real-life Objects
135,Invalid,Believable,True,-0.029458077624440193,Real-life Objects
136,Invalid,Believable,True,-0.06565386056900024,Real-life Objects
137,Invalid,Believable,True,-0.03675803914666176,Real-life Objects
138,Invalid,Believable,True,-0.08357777446508408,Real-life Objects
139,Valid,Unbelievable,True,-0.6537355184555054,Real-life Objects
140,Valid,Unbelievable,True,-0.04553051292896271,Real-life Objects
141,Valid,Unbelievable,True,-0.11768819391727448,Real-life Objects
142,Valid,Unbelievable,True,-0.11053220182657242,Real-life Objects
143,Valid,Unbelievable,True,-0.000795762927737087,Real-life Objects
144,Valid,Unbelievable,True,-0.3167658746242523,Real-life Objects
145,Valid,Unbelievable,True,-0.04355461522936821,Real-life Objects
146,Valid,Unbelievable,True,-0.09708862751722336,Real-life Objects
147,Valid,Unbelievable,True,-0.17619158327579498,Real-life Objects
148,Valid,Unbelievable,True,-0.0005081792478449643,Real-life Objects
149,Valid,Unbelievable,True,-0.03664300963282585,Real-life Objects
150,Valid,Unbelievable,True,-0.031884122639894485,Real-life Objects
151,Valid,Unbelievable,True,-0.052419520914554596,Real-life Objects
152,Valid,Unbelievable,True,-0.04046037048101425,Real-life Objects
153,Invalid,Unbelievable,False,-0.3031062185764313,Real-life Objects
154,Invalid,Unbelievable,False,-0.22437427937984467,Real-life Objects
155,Invalid,Unbelievable,False,-0.03166620805859566,Real-life Objects
156,Invalid,Unbelievable,False,-0.03930240124464035,Real-life Objects
157,Invalid,Unbelievable,False,-0.000717025191988796,Real-life Objects
158,Invalid,Unbelievable,False,-0.3845697045326233,Real-life Objects
159,Invalid,Unbelievable,False,-0.310192346572876,Real-life Objects
160,Invalid,Unbelievable,False,-0.045799288898706436,Real-life Objects
161,Invalid,Unbelievable,False,-0.04444009065628052,Real-life Objects
162,Invalid,Unbelievable,False,-0.0007310817018151283,Real-life Objects
163,Invalid,Unbelievable,False,-0.23768188059329987,Real-life Objects
164,Invalid,Unbelievable,False,-0.3746519982814789,Real-life Objects
165,Invalid,Unbelievable,False,-0.2651348412036896,Real-life Objects
166,Invalid,Unbelievable,False,-0.44865864515304565,Real-life Objects
167,Valid,Believable,True,-0.3941774368286133,Real-life Objects
168,Valid,Believable,True,-0.08631005138158798,Real-life Objects
169,Valid,Believable,True,-0.13763754069805145,Real-life Objects
170,Valid,Believable,True,-0.12365143746137619,Real-life Objects
171,Valid,Believable,True,-0.005824498366564512,Real-life Objects
172,Valid,Believable,True,-0.8253867626190186,Real-life Objects
173,Valid,Believable,True,-0.07944340258836746,Real-life Objects
174,Valid,Believable,True,-0.09831193089485168,Real-life Objects
175,Valid,Believable,True,-0.13150623440742493,Real-life Objects
176,Valid,Believable,True,-0.024649323895573616,Real-life Objects
177,Valid,Believable,True,-0.10780546069145203,Real-life Objects
178,Valid,Believable,True,-0.11009982973337173,Real-life Objects
179,Valid,Believable,True,-0.08973117172718048,Real-life Objects
180,Valid,Believable,True,-0.12473504990339279,Real-life Objects
181,Invalid,Believable,True,-0.9462584257125854,Real-life Objects
182,Invalid,Believable,False,-0.707301676273346,Real-life Objects
183,Invalid,Believable,False,-0.06041131168603897,Real-life Objects
184,Invalid,Believable,False,-0.03347643092274666,Real-life Objects
185,Invalid,Believable,True,-0.330093115568161,Real-life Objects
186,Invalid,Believable,True,-0.9663421511650085,Real-life Objects
187,Invalid,Believable,True,-0.057487841695547104,Real-life Objects
188,Invalid,Believable,True,-0.3611915707588196,Real-life Objects
189,Invalid,Believable,False,-0.09107114374637604,Real-life Objects
190,Invalid,Believable,True,-0.0552232600748539,Real-life Objects
191,Invalid,Believable,False,-0.5273028016090393,Real-life Objects
192,Invalid,Believable,True,-0.24433158338069916,Real-life Objects
193,Invalid,Believable,False,-0.6931771039962769,Real-life Objects
194,Invalid,Believable,True,-0.3225390613079071,Real-life Objects
195,Valid,Unbelievable,True,-0.6237159967422485,Real-life Objects
196,Valid,Unbelievable,True,-0.09006055444478989,Real-life Objects
197,Valid,Unbelievable,True,-0.593478798866272,Real-life Objects
198,Valid,Unbelievable,True,-0.5046184659004211,Real-life Objects
199,Valid,Unbelievable,True,-0.06711341440677643,Real-life Objects
200,Valid,Unbelievable,True,-0.7295085787773132,Real-life Objects
201,Valid,Unbelievable,True,-0.27625584602355957,Real-life Objects
202,Valid,Unbelievable,True,-0.3788224160671234,Real-life Objects
203,Valid,Unbelievable,False,-0.7594960331916809,Real-life Objects
204,Valid,Unbelievable,True,-0.36738088726997375,Real-life Objects
205,Valid,Unbelievable,False,-0.8507539629936218,Real-life Objects
206,Valid,Unbelievable,True,-0.9188735485076904,Real-life Objects
207,Valid,Unbelievable,False,-1.0017074346542358,Real-life Objects
208,Valid,Unbelievable,True,-0.4304307699203491,Real-life Objects
209,Invalid,Unbelievable,True,-1.0345758199691772,Real-life Objects
210,Invalid,Unbelievable,False,-0.2932471036911011,Real-life Objects
211,Invalid,Unbelievable,False,-0.01606672629714012,Real-life Objects
212,Invalid,Unbelievable,False,-0.01897960901260376,Real-life Objects
213,Invalid,Unbelievable,False,-0.5298084616661072,Real-life Objects
214,Invalid,Unbelievable,False,-0.7507302165031433,Real-life Objects
215,Invalid,Unbelievable,False,-0.5817430019378662,Real-life Objects
216,Invalid,Unbelievable,False,-0.045511603355407715,Real-life Objects
217,Invalid,Unbelievable,False,-0.05280553176999092,Real-life Objects
218,Invalid,Unbelievable,True,-0.5918247103691101,Real-life Objects
219,Invalid,Unbelievable,False,-0.5255681276321411,Real-life Objects
220,Invalid,Unbelievable,False,-0.755364716053009,Real-life Objects
221,Invalid,Unbelievable,False,-0.8565468192100525,Real-life Objects
222,Invalid,Unbelievable,False,-0.9663495421409607,Real-life Objects
223,Valid,Believable,True,-1.400547742843628,Real-life Objects
224,Valid,Believable,True,-0.1427898108959198,Real-life Objects
225,Valid,Believable,True,-0.13066962361335754,Real-life Objects
226,Valid,Believable,True,-0.150687113404274,Real-life Objects
227,Valid,Believable,True,-0.00037293630884960294,Real-life Objects
228,Valid,Believable,-1,-inf,Real-life Objects
229,Valid,Believable,True,-0.2608610689640045,Real-life Objects
230,Valid,Believable,True,-0.12958435714244843,Real-life Objects
231,Valid,Believable,True,-0.15056036412715912,Real-life Objects
232,Valid,Believable,True,-0.0005357022164389491,Real-life Objects
233,Valid,Believable,True,-0.12000379711389542,Real-life Objects
234,Valid,Believable,True,-0.09554165601730347,Real-life Objects
235,Valid,Believable,True,-0.11977475881576538,Real-life Objects
236,Valid,Believable,True,-0.15090312063694,Real-life Objects
237,Invalid,Believable,True,-0.2936190366744995,Real-life Objects
238,Invalid,Believable,True,-0.0782308503985405,Real-life Objects
239,Invalid,Believable,True,-0.29722052812576294,Real-life Objects
240,Invalid,Believable,True,-0.3255988359451294,Real-life Objects
241,Invalid,Believable,True,-0.002438192954286933,Real-life Objects
242,Invalid,Believable,True,-0.8058738708496094,Real-life Objects
243,Invalid,Believable,True,-0.1310807466506958,Real-life Objects
244,Invalid,Believable,True,-0.13887512683868408,Real-life Objects
245,Invalid,Believable,True,-0.2018769532442093,Real-life Objects
246,Invalid,Believable,True,-0.0007954055909067392,Real-life Objects
247,Invalid,Believable,True,-0.059049032628536224,Real-life Objects
248,Invalid,Believable,True,-0.08417672663927078,Real-life Objects
249,Invalid,Believable,True,-0.06533822417259216,Real-life Objects
250,Invalid,Believable,True,-0.09442126750946045,Real-life Objects
251,Valid,Unbelievable,True,-0.46173742413520813,Real-life Objects
252,Valid,Unbelievable,True,-0.26051560044288635,Real-life Objects
253,Valid,Unbelievable,False,-0.10992149263620377,Real-life Objects
254,Valid,Unbelievable,False,-0.3488801419734955,Real-life Objects
255,Valid,Unbelievable,True,-0.04275139793753624,Real-life Objects
256,Valid,Unbelievable,True,-0.19737520813941956,Real-life Objects
257,Valid,Unbelievable,True,-0.04060472548007965,Real-life Objects
258,Valid,Unbelievable,True,-0.2681088149547577,Real-life Objects
259,Valid,Unbelievable,True,-0.6874591112136841,Real-life Objects
260,Valid,Unbelievable,True,-0.001604580320417881,Real-life Objects
261,Valid,Unbelievable,True,-0.3109636902809143,Real-life Objects
262,Valid,Unbelievable,True,-0.15187978744506836,Real-life Objects
263,Valid,Unbelievable,True,-0.09335152059793472,Real-life Objects
264,Valid,Unbelievable,True,-0.10323292016983032,Real-life Objects
265,Invalid,Unbelievable,False,-0.2948701083660126,Real-life Objects
266,Invalid,Unbelievable,False,-0.22749930620193481,Real-life Objects
267,Invalid,Unbelievable,False,-0.0433080680668354,Real-life Objects
268,Invalid,Unbelievable,False,-0.044971317052841187,Real-life Objects
269,Invalid,Unbelievable,False,-0.0015148365637287498,Real-life Objects
270,Invalid,Unbelievable,False,-0.19239002466201782,Real-life Objects
271,Invalid,Unbelievable,False,-0.23025645315647125,Real-life Objects
272,Invalid,Unbelievable,False,-0.0420052632689476,Real-life Objects
273,Invalid,Unbelievable,False,-0.039325665682554245,Real-life Objects
274,Invalid,Unbelievable,False,-0.0006325627909973264,Real-life Objects
275,Invalid,Unbelievable,False,-0.21654491126537323,Real-life Objects
276,Invalid,Unbelievable,False,-0.30801311135292053,Real-life Objects
277,Invalid,Unbelievable,False,-0.24853578209877014,Real-life Objects
278,Invalid,Unbelievable,False,-0.3802089989185333,Real-life Objects
279,Valid,Believable,True,-1.6153813600540161,Real-life Objects
280,Valid,Believable,True,-0.066654272377491,Real-life Objects
281,Valid,Believable,True,-0.0784897655248642,Real-life Objects
282,Valid,Believable,True,-0.1590346246957779,Real-life Objects
283,Valid,Believable,True,-0.0005324853118509054,Real-life Objects
284,Valid,Believable,-1,-inf,Real-life Objects
285,Valid,Believable,True,-0.10808433592319489,Real-life Objects
286,Valid,Believable,True,-0.0667133778333664,Real-life Objects
287,Valid,Believable,True,-0.09938189387321472,Real-life Objects
288,Valid,Believable,True,-0.00015233787416946143,Real-life Objects
289,Valid,Believable,True,-0.03286454454064369,Real-life Objects
290,Valid,Believable,True,-0.03726821020245552,Real-life Objects
291,Valid,Believable,True,-0.045884232968091965,Real-life Objects
292,Valid,Believable,True,-0.052143920212984085,Real-life Objects
293,Invalid,Believable,-1,-inf,Real-life Objects
294,Invalid,Believable,True,-0.3418162763118744,Real-life Objects
295,Invalid,Believable,True,-0.24680286645889282,Real-life Objects
296,Invalid,Believable,False,-0.6269893050193787,Real-life Objects
297,Invalid,Believable,True,-0.00456837797537446,Real-life Objects
298,Invalid,Believable,True,-0.6427262425422668,Real-life Objects
299,Invalid,Believable,True,-0.17160889506340027,Real-life Objects
300,Invalid,Believable,False,-0.46975812315940857,Real-life Objects
301,Invalid,Believable,True,-0.5819153189659119,Real-life Objects
302,Invalid,Believable,True,-0.004237838555127382,Real-life Objects
303,Invalid,Believable,True,-0.1408211886882782,Real-life Objects
304,Invalid,Believable,True,-0.15450647473335266,Real-life Objects
305,Invalid,Believable,True,-0.08405256271362305,Real-life Objects
306,Invalid,Believable,True,-0.0731763169169426,Real-life Objects
307,Valid,Unbelievable,False,-1.076197624206543,Real-life Objects
308,Valid,Unbelievable,False,-0.46637263894081116,Real-life Objects
309,Valid,Unbelievable,False,-0.16514882445335388,Real-life Objects
310,Valid,Unbelievable,False,-0.29803937673568726,Real-life Objects
311,Valid,Unbelievable,True,-0.13285696506500244,Real-life Objects
312,Valid,Unbelievable,True,-0.5156213045120239,Real-life Objects
313,Valid,Unbelievable,True,-0.038694869726896286,Real-life Objects
314,Valid,Unbelievable,False,-0.1340618133544922,Real-life Objects
315,Valid,Unbelievable,False,-0.7649677395820618,Real-life Objects
316,Valid,Unbelievable,True,-0.0026876539923250675,Real-life Objects
317,Valid,Unbelievable,False,-0.29807209968566895,Real-life Objects
318,Valid,Unbelievable,True,-0.1693839281797409,Real-life Objects
319,Valid,Unbelievable,False,-0.5813938975334167,Real-life Objects
320,Valid,Unbelievable,True,-0.059042178094387054,Real-life Objects
321,Invalid,Unbelievable,False,-0.7939327955245972,Real-life Objects
322,Invalid,Unbelievable,False,-0.2577309310436249,Real-life Objects
323,Invalid,Unbelievable,False,-0.02323298528790474,Real-life Objects
324,Invalid,Unbelievable,False,-0.0260938573628664,Real-life Objects
325,Invalid,Unbelievable,False,-0.0008158930577337742,Real-life Objects
326,Invalid,Unbelievable,False,-0.3617825210094452,Real-life Objects
327,Invalid,Unbelievable,False,-0.1891995072364807,Real-life Objects
328,Invalid,Unbelievable,False,-0.026436757296323776,Real-life Objects
329,Invalid,Unbelievable,False,-0.021833764389157295,Real-life Objects
330,Invalid,Unbelievable,False,-0.000442407006630674,Real-life Objects
331,Invalid,Unbelievable,False,-0.2741190493106842,Real-life Objects
332,Invalid,Unbelievable,False,-0.3064136207103729,Real-life Objects
333,Invalid,Unbelievable,False,-0.27203044295310974,Real-life Objects
334,Invalid,Unbelievable,False,-0.3434399366378784,Real-life Objects
335,Valid,Believable,True,-0.9803079962730408,Real-life Objects
336,Valid,Believable,True,-0.2061757892370224,Real-life Objects
337,Valid,Believable,True,-0.1200035810470581,Real-life Objects
338,Valid,Believable,True,-0.25322896242141724,Real-life Objects
339,Valid,Believable,True,-0.0011873346520587802,Real-life Objects
340,Valid,Believable,True,-0.7271347641944885,Real-life Objects
341,Valid,Believable,True,-0.09062374383211136,Real-life Objects
342,Valid,Believable,True,-0.14406006038188934,Real-life Objects
343,Valid,Believable,True,-0.16454802453517914,Real-life Objects
344,Valid,Believable,True,-0.0022394596599042416,Real-life Objects
345,Valid,Believable,True,-0.06915059685707092,Real-life Objects
346,Valid,Believable,True,-0.07964707165956497,Real-life Objects
347,Valid,Believable,True,-0.07561775296926498,Real-life Objects
348,Valid,Believable,True,-0.07730396836996078,Real-life Objects
349,Invalid,Believable,True,-1.514809489250183,Real-life Objects
350,Invalid,Believable,True,-0.12032695859670639,Real-life Objects
351,Invalid,Believable,True,-0.09631365537643433,Real-life Objects
352,Invalid,Believable,True,-0.121755450963974,Real-life Objects
353,Invalid,Believable,True,-0.0016465928638353944,Real-life Objects
354,Invalid,Believable,True,-1.7513335943222046,Real-life Objects
355,Invalid,Believable,True,-0.1263154000043869,Real-life Objects
356,Invalid,Believable,False,-0.3764139711856842,Real-life Objects
357,Invalid,Believable,False,-0.1585303544998169,Real-life Objects
358,Invalid,Believable,True,-0.056150082498788834,Real-life Objects
359,Invalid,Believable,True,-0.09965233504772186,Real-life Objects
360,Invalid,Believable,True,-1.0218828916549683,Real-life Objects
361,Invalid,Believable,True,-0.1778077930212021,Real-life Objects
362,Invalid,Believable,True,-0.9217840433120728,Real-life Objects
363,Invalid,Unbelievable,True,-0.37694522738456726,Real-life Objects
364,Invalid,Unbelievable,True,-0.02782178856432438,Real-life Objects
365,Invalid,Unbelievable,True,-0.3673595190048218,Real-life Objects
366,Invalid,Unbelievable,True,-0.3900856375694275,Real-life Objects
367,Invalid,Unbelievable,True,-0.00846843235194683,Real-life Objects
368,Invalid,Unbelievable,True,-0.4360094666481018,Real-life Objects
369,Invalid,Unbelievable,True,-0.05329695716500282,Real-life Objects
370,Invalid,Unbelievable,True,-0.2518695592880249,Real-life Objects
371,Invalid,Unbelievable,True,-0.2803236246109009,Real-life Objects
372,Invalid,Unbelievable,True,-0.001764765940606594,Real-life Objects
373,Invalid,Unbelievable,True,-0.06697384268045425,Real-life Objects
374,Invalid,Unbelievable,True,-0.042754366993904114,Real-life Objects
375,Invalid,Unbelievable,True,-0.06190789118409157,Real-life Objects
376,Invalid,Unbelievable,True,-0.054112758487463,Real-life Objects
377,Valid,Unbelievable,True,-0.883778989315033,Real-life Objects
378,Valid,Unbelievable,True,-0.09743063896894455,Real-life Objects
379,Valid,Unbelievable,True,-0.13733281195163727,Real-life Objects
380,Valid,Unbelievable,True,-0.17632950842380524,Real-life Objects
381,Valid,Unbelievable,True,-0.0029025827534496784,Real-life Objects
382,Valid,Unbelievable,True,-0.7435228824615479,Real-life Objects
383,Valid,Unbelievable,True,-0.14445385336875916,Real-life Objects
384,Valid,Unbelievable,True,-0.09527801722288132,Real-life Objects
385,Valid,Unbelievable,True,-0.1588270664215088,Real-life Objects
386,Valid,Unbelievable,True,-0.0042472160421311855,Real-life Objects
387,Valid,Unbelievable,True,-0.045027729123830795,Real-life Objects
388,Valid,Unbelievable,True,-0.06809833645820618,Real-life Objects
389,Valid,Unbelievable,True,-0.05026042088866234,Real-life Objects
390,Valid,Unbelievable,True,-0.06726767867803574,Real-life Objects
391,Valid,Believable,-1,-inf,Real-life Objects
392,Valid,Believable,True,-0.09664423763751984,Real-life Objects
393,Valid,Believable,True,-0.07975219935178757,Real-life Objects
394,Valid,Believable,True,-0.0940660759806633,Real-life Objects
395,Valid,Believable,True,-0.000356253091013059,Real-life Objects
396,Valid,Believable,True,-0.5239824056625366,Real-life Objects
397,Valid,Believable,True,-0.06399349123239517,Real-life Objects
398,Valid,Believable,True,-0.0625942051410675,Real-life Objects
399,Valid,Believable,True,-0.10051410645246506,Real-life Objects
400,Valid,Believable,True,-0.0002828436263371259,Real-life Objects
401,Valid,Believable,True,-0.06547333300113678,Real-life Objects
402,Valid,Believable,True,-0.0351417139172554,Real-life Objects
403,Valid,Believable,True,-0.05782453343272209,Real-life Objects
404,Valid,Believable,True,-0.041648562997579575,Real-life Objects
405,Invalid,Believable,-1,-inf,Real-life Objects
406,Invalid,Believable,True,-0.1423676460981369,Real-life Objects
407,Invalid,Believable,True,-0.12493938207626343,Real-life Objects
408,Invalid,Believable,True,-0.1724611222743988,Real-life Objects
409,Invalid,Believable,True,-0.00046456989366561174,Real-life Objects
410,Invalid,Believable,-1,-inf,Real-life Objects
411,Invalid,Believable,True,-0.11589817702770233,Real-life Objects
412,Invalid,Believable,True,-0.06797850877046585,Real-life Objects
413,Invalid,Believable,True,-0.09219757467508316,Real-life Objects
414,Invalid,Believable,True,-0.0002227773511549458,Real-life Objects
415,Invalid,Believable,True,-0.053119949996471405,Real-life Objects
416,Invalid,Believable,True,-0.021731587126851082,Real-life Objects
417,Invalid,Believable,True,-0.06575588881969452,Real-life Objects
418,Invalid,Believable,True,-0.030292972922325134,Real-life Objects
419,Valid,Unbelievable,True,-0.5822860598564148,Real-life Objects
420,Valid,Unbelievable,True,-0.11310408264398575,Real-life Objects
421,Valid,Unbelievable,True,-0.21326309442520142,Real-life Objects
422,Valid,Unbelievable,True,-0.4674297273159027,Real-life Objects
423,Valid,Unbelievable,True,-0.0011965028243139386,Real-life Objects
424,Valid,Unbelievable,True,-0.36071303486824036,Real-life Objects
425,Valid,Unbelievable,True,-0.3578397035598755,Real-life Objects
426,Valid,Unbelievable,False,-0.3563958704471588,Real-life Objects
427,Valid,Unbelievable,False,-0.1446877270936966,Real-life Objects
428,Valid,Unbelievable,True,-0.002531302161514759,Real-life Objects
429,Valid,Unbelievable,False,-0.4858415424823761,Real-life Objects
430,Valid,Unbelievable,False,-0.6507614254951477,Real-life Objects
431,Valid,Unbelievable,True,-0.07200494408607483,Real-life Objects
432,Valid,Unbelievable,True,-0.07069025933742523,Real-life Objects
433,Invalid,Unbelievable,False,-0.17669501900672913,Real-life Objects
434,Invalid,Unbelievable,False,-0.1339908093214035,Real-life Objects
435,Invalid,Unbelievable,False,-0.02653694525361061,Real-life Objects
436,Invalid,Unbelievable,False,-0.0335046760737896,Real-life Objects
437,Invalid,Unbelievable,False,-0.0005312938592396677,Real-life Objects
438,Invalid,Unbelievable,False,-0.12668399512767792,Real-life Objects
439,Invalid,Unbelievable,False,-0.1396736055612564,Real-life Objects
440,Invalid,Unbelievable,False,-0.03396604210138321,Real-life Objects
441,Invalid,Unbelievable,False,-0.032796137034893036,Real-life Objects
442,Invalid,Unbelievable,False,-0.0021400186233222485,Real-life Objects
443,Invalid,Unbelievable,False,-0.19261756539344788,Real-life Objects
444,Invalid,Unbelievable,False,-0.22179310023784637,Real-life Objects
445,Invalid,Unbelievable,False,-0.2709313929080963,Real-life Objects
446,Invalid,Unbelievable,False,-0.30563876032829285,Real-life Objects
447,Invalid,Believable,-1,-inf,Real-life Objects
448,Invalid,Believable,True,-0.11109389364719391,Real-life Objects
449,Invalid,Believable,True,-0.13880696892738342,Real-life Objects
450,Invalid,Believable,True,-0.13327449560165405,Real-life Objects
451,Invalid,Believable,True,-0.0001778444420779124,Real-life Objects
452,Invalid,Believable,True,-0.5489553809165955,Real-life Objects
453,Invalid,Believable,True,-0.06883327662944794,Real-life Objects
454,Invalid,Believable,True,-0.17515835165977478,Real-life Objects
455,Invalid,Believable,True,-0.20532415807247162,Real-life Objects
456,Invalid,Believable,True,-0.00041416651220060885,Real-life Objects
457,Invalid,Believable,True,-0.04325327277183533,Real-life Objects
458,Invalid,Believable,True,-0.037819672375917435,Real-life Objects
459,Invalid,Believable,True,-0.06834274530410767,Real-life Objects
460,Invalid,Believable,True,-0.05374973639845848,Real-life Objects
461,Valid,Believable,True,-0.3697590231895447,Real-life Objects
462,Valid,Believable,True,-0.2620171904563904,Real-life Objects
463,Valid,Believable,True,-0.11875414848327637,Real-life Objects
464,Valid,Believable,True,-0.13505995273590088,Real-life Objects
465,Valid,Believable,True,-0.0001793938863556832,Real-life Objects
466,Valid,Believable,-1,-inf,Real-life Objects
467,Valid,Believable,True,-0.20118485391139984,Real-life Objects
468,Valid,Believable,True,-0.12362457066774368,Real-life Objects
469,Valid,Believable,True,-0.13056081533432007,Real-life Objects
470,Valid,Believable,True,-0.00024005869636312127,Real-life Objects
471,Valid,Believable,True,-0.05449867993593216,Real-life Objects
472,Valid,Believable,True,-0.06738291680812836,Real-life Objects
473,Valid,Believable,True,-0.0753302276134491,Real-life Objects
474,Valid,Believable,True,-0.09483953565359116,Real-life Objects
475,Invalid,Unbelievable,True,-0.5168849229812622,Real-life Objects
476,Invalid,Unbelievable,False,-0.22856713831424713,Real-life Objects
477,Invalid,Unbelievable,False,-0.022020362317562103,Real-life Objects
478,Invalid,Unbelievable,False,-0.022021878510713577,Real-life Objects
479,Invalid,Unbelievable,False,-0.3941490650177002,Real-life Objects
480,Invalid,Unbelievable,True,-1.4146928787231445,Real-life Objects
481,Invalid,Unbelievable,False,-0.15098696947097778,Real-life Objects
482,Invalid,Unbelievable,False,-0.022212404757738113,Real-life Objects
483,Invalid,Unbelievable,False,-0.022236423566937447,Real-life Objects
484,Invalid,Unbelievable,False,-0.004415642935782671,Real-life Objects
485,Invalid,Unbelievable,False,-0.5260224938392639,Real-life Objects
486,Invalid,Unbelievable,False,-0.27321428060531616,Real-life Objects
487,Invalid,Unbelievable,True,-0.37993499636650085,Real-life Objects
488,Invalid,Unbelievable,False,-0.4585430920124054,Real-life Objects
489,Valid,Unbelievable,True,-0.33132636547088623,Real-life Objects
490,Valid,Unbelievable,False,-0.3786683976650238,Real-life Objects
491,Valid,Unbelievable,True,-0.44537779688835144,Real-life Objects
492,Valid,Unbelievable,True,-0.49246299266815186,Real-life Objects
493,Valid,Unbelievable,True,-0.035909779369831085,Real-life Objects
494,Valid,Unbelievable,True,-0.4285726845264435,Real-life Objects
495,Valid,Unbelievable,False,-0.3441688120365143,Real-life Objects
496,Valid,Unbelievable,True,-0.23920300602912903,Real-life Objects
497,Valid,Unbelievable,True,-0.18583180010318756,Real-life Objects
498,Valid,Unbelievable,True,-0.014765740372240543,Real-life Objects
499,Valid,Unbelievable,False,-0.47832489013671875,Real-life Objects
500,Valid,Unbelievable,False,-0.5462198257446289,Real-life Objects
501,Valid,Unbelievable,True,-0.9246270656585693,Real-life Objects
502,Valid,Unbelievable,True,-0.1349448561668396,Real-life Objects
503,Valid,Unbelievable,True,-0.3444742262363434,Real-life Objects
504,Valid,Unbelievable,True,-0.26714572310447693,Real-life Objects
505,Valid,Unbelievable,False,-0.812968909740448,Real-life Objects
506,Valid,Unbelievable,True,-0.28656038641929626,Real-life Objects
507,Valid,Unbelievable,True,-0.008298558183014393,Real-life Objects
508,Valid,Unbelievable,True,-0.40533292293548584,Real-life Objects
509,Valid,Unbelievable,True,-0.04631499946117401,Real-life Objects
510,Valid,Unbelievable,True,-0.24816779792308807,Real-life Objects
511,Valid,Unbelievable,True,-0.2763272225856781,Real-life Objects
512,Valid,Unbelievable,True,-0.022526102140545845,Real-life Objects
513,Valid,Unbelievable,True,-0.47054484486579895,Real-life Objects
514,Valid,Unbelievable,True,-0.07974085956811905,Real-life Objects
515,Valid,Unbelievable,True,-0.08924184739589691,Real-life Objects
516,Valid,Unbelievable,True,-0.0731111690402031,Real-life Objects
517,Invalid,Unbelievable,False,-1.079992413520813,Real-life Objects
518,Invalid,Unbelievable,False,-0.190564826130867,Real-life Objects
519,Invalid,Unbelievable,False,-0.02546778880059719,Real-life Objects
520,Invalid,Unbelievable,False,-0.02990083582699299,Real-life Objects
521,Invalid,Unbelievable,True,-0.5266060829162598,Real-life Objects
522,Invalid,Unbelievable,True,-0.8194417953491211,Real-life Objects
523,Invalid,Unbelievable,False,-0.2366418093442917,Real-life Objects
524,Invalid,Unbelievable,False,-0.02896961383521557,Real-life Objects
525,Invalid,Unbelievable,False,-0.03352024033665657,Real-life Objects
526,Invalid,Unbelievable,True,-0.028099536895751953,Real-life Objects
527,Invalid,Unbelievable,False,-0.36753252148628235,Real-life Objects
528,Invalid,Unbelievable,True,-0.598056972026825,Real-life Objects
529,Invalid,Unbelievable,False,-0.8717285394668579,Real-life Objects
530,Invalid,Unbelievable,True,-0.23294292390346527,Real-life Objects
531,Valid,Believable,True,-0.6679267287254333,Real-life Objects
532,Valid,Believable,True,-0.22226358950138092,Real-life Objects
533,Valid,Believable,True,-0.15786348283290863,Real-life Objects
534,Valid,Believable,True,-0.16815049946308136,Real-life Objects
535,Valid,Believable,True,-0.00016223068814724684,Real-life Objects
536,Valid,Believable,True,-0.4845651388168335,Real-life Objects
537,Valid,Believable,True,-0.33532631397247314,Real-life Objects
538,Valid,Believable,True,-0.11372561752796173,Real-life Objects
539,Valid,Believable,True,-0.11775760352611542,Real-life Objects
540,Valid,Believable,True,-0.00021455370006151497,Real-life Objects
541,Valid,Believable,True,-0.07763096690177917,Real-life Objects
542,Valid,Believable,True,-0.09457733482122421,Real-life Objects
543,Valid,Believable,True,-0.11951806396245956,Real-life Objects
544,Valid,Believable,True,-0.13224616646766663,Real-life Objects
545,Invalid,Believable,True,-0.8522504568099976,Real-life Objects
546,Invalid,Believable,True,-0.3530330955982208,Real-life Objects
547,Invalid,Believable,True,-0.15168939530849457,Real-life Objects
548,Invalid,Believable,True,-0.20391391217708588,Real-life Objects
549,Invalid,Believable,True,-0.00023993951617740095,Real-life Objects
550,Invalid,Believable,True,-0.2012290209531784,Real-life Objects
551,Invalid,Believable,True,-0.5439245700836182,Real-life Objects
552,Invalid,Believable,True,-0.1668001115322113,Real-life Objects
553,Invalid,Believable,True,-0.18109378218650818,Real-life Objects
554,Invalid,Believable,True,-0.00024339574156329036,Real-life Objects
555,Invalid,Believable,True,-0.06927385181188583,Real-life Objects
556,Invalid,Believable,True,-0.0966445654630661,Real-life Objects
557,Invalid,Believable,True,-0.10724984109401703,Real-life Objects
558,Invalid,Believable,True,-0.13453136384487152,Real-life Objects
559,Valid,Believable,-1,-inf,Real-life Objects
560,Valid,Believable,True,-0.22477900981903076,Real-life Objects
561,Valid,Believable,True,-0.17162616550922394,Real-life Objects
562,Valid,Believable,True,-0.16229085624217987,Real-life Objects
563,Valid,Believable,True,-0.0006462631281465292,Real-life Objects
564,Valid,Believable,-1,-inf,Real-life Objects
565,Valid,Believable,True,-0.12157580256462097,Real-life Objects
566,Valid,Believable,True,-0.13084398210048676,Real-life Objects
567,Valid,Believable,True,-0.1735633909702301,Real-life Objects
568,Valid,Believable,True,-0.0003983181086368859,Real-life Objects
569,Valid,Believable,True,-0.09508617222309113,Real-life Objects
570,Valid,Believable,True,-0.1327415108680725,Real-life Objects
571,Valid,Believable,True,-0.10434424132108688,Real-life Objects
572,Valid,Believable,True,-0.14682386815547943,Real-life Objects
573,Invalid,Believable,-1,-inf,Real-life Objects
574,Invalid,Believable,True,-0.22294650971889496,Real-life Objects
575,Invalid,Believable,True,-0.21320125460624695,Real-life Objects
576,Invalid,Believable,True,-0.2965998947620392,Real-life Objects
577,Invalid,Believable,True,-0.0007609808817505836,Real-life Objects
578,Invalid,Believable,-1,-inf,Real-life Objects
579,Invalid,Believable,True,-0.127096027135849,Real-life Objects
580,Invalid,Believable,True,-0.2049647867679596,Real-life Objects
581,Invalid,Believable,True,-0.35701870918273926,Real-life Objects
582,Invalid,Believable,True,-0.0006868863711133599,Real-life Objects
583,Invalid,Believable,True,-0.10611462593078613,Real-life Objects
584,Invalid,Believable,True,-0.1323859989643097,Real-life Objects
585,Invalid,Believable,True,-0.10408581048250198,Real-life Objects
586,Invalid,Believable,True,-0.13085287809371948,Real-life Objects
587,Valid,Unbelievable,True,-0.5218685865402222,Real-life Objects
588,Valid,Unbelievable,False,-0.6024746894836426,Real-life Objects
589,Valid,Unbelievable,True,-0.28578129410743713,Real-life Objects
590,Valid,Unbelievable,True,-0.5329112410545349,Real-life Objects
591,Valid,Unbelievable,True,-0.01324862614274025,Real-life Objects
592,Valid,Unbelievable,True,-0.39742302894592285,Real-life Objects
593,Valid,Unbelievable,False,-0.5260009169578552,Real-life Objects
594,Valid,Unbelievable,False,-0.18054211139678955,Real-life Objects
595,Valid,Unbelievable,False,-0.1649578958749771,Real-life Objects
596,Valid,Unbelievable,True,-0.005609011277556419,Real-life Objects
597,Valid,Unbelievable,False,-0.5549563765525818,Real-life Objects
598,Valid,Unbelievable,False,-0.4298113286495209,Real-life Objects
599,Valid,Unbelievable,True,-0.10728143155574799,Real-life Objects
600,Valid,Unbelievable,True,-0.12127617001533508,Real-life Objects
601,Invalid,Unbelievable,False,-0.13794881105422974,Real-life Objects
602,Invalid,Unbelievable,False,-0.28857335448265076,Real-life Objects
603,Invalid,Unbelievable,False,-0.04160625487565994,Real-life Objects
604,Invalid,Unbelievable,False,-0.05190468579530716,Real-life Objects
605,Invalid,Unbelievable,False,-0.0003400462737772614,Real-life Objects
606,Invalid,Unbelievable,False,-0.20309236645698547,Real-life Objects
607,Invalid,Unbelievable,False,-0.16309556365013123,Real-life Objects
608,Invalid,Unbelievable,False,-0.041537072509527206,Real-life Objects
609,Invalid,Unbelievable,False,-0.04789689928293228,Real-life Objects
610,Invalid,Unbelievable,False,-0.00043466180795803666,Real-life Objects
611,Invalid,Unbelievable,False,-0.13584648072719574,Real-life Objects
612,Invalid,Unbelievable,False,-0.15341141819953918,Real-life Objects
613,Invalid,Unbelievable,False,-0.2110823690891266,Real-life Objects
614,Invalid,Unbelievable,False,-0.23690277338027954,Real-life Objects
615,Valid,Believable,True,-0.5211405158042908,Real-life Objects
616,Valid,Believable,True,-0.12656942009925842,Real-life Objects
617,Valid,Believable,True,-0.16368508338928223,Real-life Objects
618,Valid,Believable,True,-0.19953951239585876,Real-life Objects
619,Valid,Believable,True,-0.0012186489766463637,Real-life Objects
620,Valid,Believable,True,-1.2087513208389282,Real-life Objects
621,Valid,Believable,True,-0.13314500451087952,Real-life Objects
622,Valid,Believable,True,-0.2451929897069931,Real-life Objects
623,Valid,Believable,True,-0.30126628279685974,Real-life Objects
624,Valid,Believable,True,-0.0022833484690636396,Real-life Objects
625,Valid,Believable,True,-0.11039311438798904,Real-life Objects
626,Valid,Believable,True,-0.1340962052345276,Real-life Objects
627,Valid,Believable,True,-0.12218186259269714,Real-life Objects
628,Valid,Believable,True,-0.10840238630771637,Real-life Objects
629,Invalid,Believable,True,-1.0843549966812134,Real-life Objects
630,Invalid,Believable,True,-0.10319797694683075,Real-life Objects
631,Invalid,Believable,True,-0.12388958781957626,Real-life Objects
632,Invalid,Believable,True,-0.19666187465190887,Real-life Objects
633,Invalid,Believable,True,-0.0030673143919557333,Real-life Objects
634,Invalid,Believable,True,-1.5204088687896729,Real-life Objects
635,Invalid,Believable,True,-0.10190936923027039,Real-life Objects
636,Invalid,Believable,True,-0.22035934031009674,Real-life Objects
637,Invalid,Believable,True,-0.24234694242477417,Real-life Objects
638,Invalid,Believable,True,-0.0060349623672664165,Real-life Objects
639,Invalid,Believable,True,-0.11599743366241455,Real-life Objects
640,Invalid,Believable,True,-0.10797958076000214,Real-life Objects
641,Invalid,Believable,True,-0.10877475887537003,Real-life Objects
642,Invalid,Believable,True,-0.11080529540777206,Real-life Objects
643,Valid,Unbelievable,True,-0.43995431065559387,Real-life Objects
644,Valid,Unbelievable,True,-0.1343187540769577,Real-life Objects
645,Valid,Unbelievable,True,-0.1954098790884018,Real-life Objects
646,Valid,Unbelievable,True,-0.20218630135059357,Real-life Objects
647,Valid,Unbelievable,True,-0.03502983972430229,Real-life Objects
648,Valid,Unbelievable,True,-0.8040622472763062,Real-life Objects
649,Valid,Unbelievable,True,-0.06870507448911667,Real-life Objects
650,Valid,Unbelievable,True,-0.363788366317749,Real-life Objects
651,Valid,Unbelievable,True,-0.4685955345630646,Real-life Objects
652,Valid,Unbelievable,True,-0.061035625636577606,Real-life Objects
653,Valid,Unbelievable,False,-0.8468652367591858,Real-life Objects
654,Valid,Unbelievable,True,-0.4403514862060547,Real-life Objects
655,Valid,Unbelievable,True,-0.7779025435447693,Real-life Objects
656,Valid,Unbelievable,True,-0.2593730092048645,Real-life Objects
657,Invalid,Unbelievable,True,-1.387751579284668,Real-life Objects
658,Invalid,Unbelievable,False,-0.4045189321041107,Real-life Objects
659,Invalid,Unbelievable,False,-0.1514243632555008,Real-life Objects
660,Invalid,Unbelievable,False,-0.23293650150299072,Real-life Objects
661,Invalid,Unbelievable,True,-0.44082221388816833,Real-life Objects
662,Invalid,Unbelievable,True,-0.5507728457450867,Real-life Objects
663,Invalid,Unbelievable,True,-0.3035565912723541,Real-life Objects
664,Invalid,Unbelievable,False,-0.3440316617488861,Real-life Objects
665,Invalid,Unbelievable,False,-0.08697950094938278,Real-life Objects
666,Invalid,Unbelievable,False,-0.4767845571041107,Real-life Objects
667,Invalid,Unbelievable,False,-0.6146323084831238,Real-life Objects
668,Invalid,Unbelievable,False,-0.9335475564002991,Real-life Objects
669,Invalid,Unbelievable,False,-0.7746241688728333,Real-life Objects
670,Invalid,Unbelievable,False,-1.0460718870162964,Real-life Objects
0,Valid,Unbelievable,True,-0.08528599143028259,Non-real Objects
1,Valid,Believable,True,-0.12541238963603973,Non-real Objects
2,Invalid,Believable,True,-0.16811653971672058,Non-real Objects
3,Valid,Believable,True,-0.02895861305296421,Non-real Objects
4,Invalid,Believable,True,-0.13161063194274902,Non-real Objects
5,Valid,Believable,True,-0.0020763759966939688,Non-real Objects
6,Valid,Unbelievable,True,-0.16643117368221283,Non-real Objects
7,Invalid,Unbelievable,False,-0.16016559302806854,Non-real Objects
8,Invalid,Believable,True,-0.4843457043170929,Non-real Objects
9,Valid,Unbelievable,True,-1.0127897262573242,Non-real Objects
10,Invalid,Unbelievable,False,-0.041182953864336014,Non-real Objects
11,Valid,Unbelievable,True,-0.03669518232345581,Non-real Objects
12,Valid,Unbelievable,True,-0.0005820487276650965,Non-real Objects
13,Valid,Unbelievable,True,-0.14829254150390625,Non-real Objects
14,Valid,Unbelievable,True,-0.06328810751438141,Non-real Objects
15,Invalid,Unbelievable,True,-0.34861376881599426,Non-real Objects
16,Invalid,Believable,True,-0.38805103302001953,Non-real Objects
17,Valid,Unbelievable,True,-0.06633582711219788,Non-real Objects
18,Valid,Believable,True,-1.1267938613891602,Non-real Objects
19,Invalid,Believable,True,-0.14932575821876526,Non-real Objects
20,Invalid,Believable,True,-0.5264105796813965,Non-real Objects
21,Valid,Unbelievable,True,-0.26703956723213196,Non-real Objects
22,Invalid,Unbelievable,True,-0.12466917186975479,Non-real Objects
23,Valid,Unbelievable,True,-0.0002444683632347733,Non-real Objects
24,Valid,Believable,True,-0.06189018860459328,Non-real Objects
25,Invalid,Believable,True,-0.1260119378566742,Non-real Objects
26,Invalid,Unbelievable,False,-0.1438950151205063,Non-real Objects
27,Valid,Believable,True,-0.0006453100359067321,Non-real Objects
28,Valid,Believable,True,-0.13769155740737915,Non-real Objects
29,Invalid,Unbelievable,False,-0.4344255030155182,Non-real Objects
30,Valid,Believable,True,-0.053079139441251755,Non-real Objects
31,Invalid,Unbelievable,True,-0.35823386907577515,Non-real Objects
32,Invalid,Unbelievable,True,-0.39275163412094116,Non-real Objects
33,Valid,Believable,True,-0.203861802816391,Non-real Objects
34,Valid,Unbelievable,True,-0.0676547959446907,Non-real Objects
35,Valid,Unbelievable,True,-0.06659337878227234,Non-real Objects
36,Invalid,Unbelievable,False,-0.1611676663160324,Non-real Objects
37,Invalid,Unbelievable,True,-0.20296236872673035,Non-real Objects
38,Invalid,Believable,False,-0.7064855694770813,Non-real Objects
39,Valid,Believable,True,-0.19966274499893188,Non-real Objects
40,Invalid,Unbelievable,False,-0.07870002090930939,Non-real Objects
41,Invalid,Unbelievable,False,-0.044808901846408844,Non-real Objects
42,Valid,Believable,True,-0.16533152759075165,Non-real Objects
43,Invalid,Believable,False,-0.03975708782672882,Non-real Objects
44,Invalid,Believable,True,-0.13904589414596558,Non-real Objects
45,Valid,Unbelievable,True,-0.002053892007097602,Non-real Objects
46,Invalid,Believable,False,-0.45763278007507324,Non-real Objects
47,Valid,Believable,True,-0.6780802011489868,Non-real Objects
48,Invalid,Believable,True,-0.10073864459991455,Non-real Objects
49,Invalid,Believable,True,-0.09599509835243225,Non-real Objects
50,Invalid,Unbelievable,True,-0.02591080591082573,Non-real Objects
51,Invalid,Unbelievable,False,-0.7898723483085632,Non-real Objects
52,Invalid,Unbelievable,True,-0.7331616878509521,Non-real Objects
53,Invalid,Unbelievable,True,-0.5572393536567688,Non-real Objects
54,Invalid,Unbelievable,True,-0.45629748702049255,Non-real Objects
55,Valid,Believable,-1,-inf,Non-real Objects
56,Valid,Believable,True,-0.08450871706008911,Non-real Objects
57,Valid,Believable,True,-0.1353537142276764,Non-real Objects
58,Valid,Believable,True,-0.15228566527366638,Non-real Objects
59,Valid,Believable,True,-0.000938332756049931,Non-real Objects
60,Valid,Believable,True,-0.9363200664520264,Non-real Objects
61,Valid,Believable,True,-0.03296247497200966,Non-real Objects
62,Valid,Believable,True,-0.13154657185077667,Non-real Objects
63,Valid,Believable,True,-0.19489283859729767,Non-real Objects
64,Valid,Believable,True,-0.002539269160479307,Non-real Objects
65,Valid,Believable,True,-0.10484910011291504,Non-real Objects
66,Valid,Believable,True,-0.10693453252315521,Non-real Objects
67,Valid,Believable,True,-0.09266089648008347,Non-real Objects
68,Valid,Believable,True,-0.1471504122018814,Non-real Objects
69,Invalid,Believable,True,-0.6750035881996155,Non-real Objects
70,Invalid,Believable,False,-0.5135636329650879,Non-real Objects
71,Invalid,Believable,False,-0.048355307430028915,Non-real Objects
72,Invalid,Believable,False,-0.04196937009692192,Non-real Objects
73,Invalid,Believable,False,-0.3623339533805847,Non-real Objects
74,Invalid,Believable,True,-0.8475021719932556,Non-real Objects
75,Invalid,Believable,True,-0.13067777454853058,Non-real Objects
76,Invalid,Believable,False,-0.4874992370605469,Non-real Objects
77,Invalid,Believable,False,-0.8117515444755554,Non-real Objects
78,Invalid,Believable,True,-0.036904189735651016,Non-real Objects
79,Invalid,Believable,False,-0.45763278007507324,Non-real Objects
80,Invalid,Believable,True,-0.19509872794151306,Non-real Objects
81,Invalid,Believable,False,-0.5408797860145569,Non-real Objects
82,Invalid,Believable,True,-0.06994123011827469,Non-real Objects
83,Valid,Unbelievable,True,-0.5137673616409302,Non-real Objects
84,Valid,Unbelievable,True,-0.023073755204677582,Non-real Objects
85,Valid,Unbelievable,True,-0.1452110856771469,Non-real Objects
86,Valid,Unbelievable,True,-0.29884734749794006,Non-real Objects
87,Valid,Unbelievable,True,-0.0006462631281465292,Non-real Objects
88,Valid,Unbelievable,True,-1.0127897262573242,Non-real Objects
89,Valid,Unbelievable,True,-0.030475687235593796,Non-real Objects
90,Valid,Unbelievable,True,-0.0990525409579277,Non-real Objects
91,Valid,Unbelievable,True,-0.1688506305217743,Non-real Objects
92,Valid,Unbelievable,True,-0.0010794533882290125,Non-real Objects
93,Valid,Unbelievable,True,-0.0676547959446907,Non-real Objects
94,Valid,Unbelievable,True,-0.06328810751438141,Non-real Objects
95,Valid,Unbelievable,True,-0.05911409482359886,Non-real Objects
96,Valid,Unbelievable,True,-0.06888123601675034,Non-real Objects
97,Invalid,Unbelievable,True,-0.2521018385887146,Non-real Objects
98,Invalid,Unbelievable,False,-0.1611676663160324,Non-real Objects
99,Invalid,Unbelievable,False,-0.035684920847415924,Non-real Objects
100,Invalid,Unbelievable,False,-0.03743874654173851,Non-real Objects
101,Invalid,Unbelievable,True,-0.12021702527999878,Non-real Objects
102,Invalid,Unbelievable,True,-0.607444703578949,Non-real Objects
103,Invalid,Unbelievable,False,-0.16016559302806854,Non-real Objects
104,Invalid,Unbelievable,False,-0.03374362736940384,Non-real Objects
105,Invalid,Unbelievable,False,-0.044682711362838745,Non-real Objects
106,Invalid,Unbelievable,False,-0.018536902964115143,Non-real Objects
107,Invalid,Unbelievable,False,-0.5673291683197021,Non-real Objects
108,Invalid,Unbelievable,False,-0.4158700406551361,Non-real Objects
109,Invalid,Unbelievable,True,-0.5326043367385864,Non-real Objects
110,Invalid,Unbelievable,False,-0.7445014119148254,Non-real Objects
111,Valid,Believable,True,-0.7106279134750366,Non-real Objects
112,Valid,Believable,True,-0.05679812654852867,Non-real Objects
113,Valid,Believable,True,-0.12541238963603973,Non-real Objects
114,Valid,Believable,True,-0.15321607887744904,Non-real Objects
115,Valid,Believable,True,-0.002522503025829792,Non-real Objects
116,Valid,Believable,True,-0.9754499793052673,Non-real Objects
117,Valid,Believable,True,-0.050569746643304825,Non-real Objects
118,Valid,Believable,True,-0.18320007622241974,Non-real Objects
119,Valid,Believable,True,-0.2349536418914795,Non-real Objects
120,Valid,Believable,True,-0.003257803386077285,Non-real Objects
121,Valid,Believable,True,-0.06857340782880783,Non-real Objects
122,Valid,Believable,True,-0.09536969661712646,Non-real Objects
123,Valid,Believable,True,-0.09458156675100327,Non-real Objects
124,Valid,Believable,True,-0.11878632754087448,Non-real Objects
125,Invalid,Believable,-1,-inf,Non-real Objects
126,Invalid,Believable,True,-0.13904589414596558,Non-real Objects
127,Invalid,Believable,True,-0.09816713631153107,Non-real Objects
128,Invalid,Believable,True,-0.19403919577598572,Non-real Objects
129,Invalid,Believable,True,-0.0014037764631211758,Non-real Objects
130,Invalid,Believable,-1,-inf,Non-real Objects
131,Invalid,Believable,True,-0.057567860931158066,Non-real Objects
132,Invalid,Believable,True,-0.41608813405036926,Non-real Objects
133,Invalid,Believable,True,-0.42035725712776184,Non-real Objects
134,Invalid,Believable,True,-0.017044372856616974,Non-real Objects
135,Invalid,Believable,True,-0.0761771947145462,Non-real Objects
136,Invalid,Believable,True,-0.17283576726913452,Non-real Objects
137,Invalid,Believable,True,-0.07358662784099579,Non-real Objects
138,Invalid,Believable,True,-0.1877075433731079,Non-real Objects
139,Valid,Unbelievable,True,-0.4328588843345642,Non-real Objects
140,Valid,Unbelievable,True,-0.026381492614746094,Non-real Objects
141,Valid,Unbelievable,True,-0.16643117368221283,Non-real Objects
142,Valid,Unbelievable,True,-0.2312767058610916,Non-real Objects
143,Valid,Unbelievable,True,-0.0009585791267454624,Non-real Objects
144,Valid,Unbelievable,True,-0.40339723229408264,Non-real Objects
145,Valid,Unbelievable,True,-0.023697132244706154,Non-real Objects
146,Valid,Unbelievable,True,-0.17368213832378387,Non-real Objects
147,Valid,Unbelievable,True,-0.38370954990386963,Non-real Objects
148,Valid,Unbelievable,True,-0.0009615565068088472,Non-real Objects
149,Valid,Unbelievable,True,-0.07839453965425491,Non-real Objects
150,Valid,Unbelievable,True,-0.10732287168502808,Non-real Objects
151,Valid,Unbelievable,True,-0.10890017449855804,Non-real Objects
152,Valid,Unbelievable,True,-0.1055191233754158,Non-real Objects
153,Invalid,Unbelievable,False,-1.0511019229888916,Non-real Objects
154,Invalid,Unbelievable,False,-0.12669335305690765,Non-real Objects
155,Invalid,Unbelievable,False,-0.043587714433670044,Non-real Objects
156,Invalid,Unbelievable,False,-0.04623646289110184,Non-real Objects
157,Invalid,Unbelievable,False,-0.014252535067498684,Non-real Objects
158,Invalid,Unbelievable,True,-0.35823386907577515,Non-real Objects
159,Invalid,Unbelievable,False,-0.7251078486442566,Non-real Objects
160,Invalid,Unbelievable,False,-0.048321232199668884,Non-real Objects
161,Invalid,Unbelievable,False,-0.05401258543133736,Non-real Objects
162,Invalid,Unbelievable,False,-0.4344255030155182,Non-real Objects
163,Invalid,Unbelievable,False,-0.19407513737678528,Non-real Objects
164,Invalid,Unbelievable,True,-0.3515750765800476,Non-real Objects
165,Invalid,Unbelievable,False,-0.347806453704834,Non-real Objects
166,Invalid,Unbelievable,True,-0.151920348405838,Non-real Objects
167,Valid,Believable,True,-0.582021951675415,Non-real Objects
168,Valid,Believable,True,-0.04367866739630699,Non-real Objects
169,Valid,Believable,True,-0.14180205762386322,Non-real Objects
170,Valid,Believable,True,-0.288822203874588,Non-real Objects
171,Valid,Believable,True,-0.01507884543389082,Non-real Objects
172,Valid,Believable,True,-0.7725710868835449,Non-real Objects
173,Valid,Believable,True,-0.026634106412529945,Non-real Objects
174,Valid,Believable,True,-0.29658910632133484,Non-real Objects
175,Valid,Believable,False,-0.38900893926620483,Non-real Objects
176,Valid,Believable,True,-0.007666450925171375,Non-real Objects
177,Valid,Believable,True,-0.1725640594959259,Non-real Objects
178,Valid,Believable,True,-0.16391479969024658,Non-real Objects
179,Valid,Believable,True,-0.12025095522403717,Non-real Objects
180,Valid,Believable,True,-0.16934870183467865,Non-real Objects
181,Invalid,Believable,True,-0.31486955285072327,Non-real Objects
182,Invalid,Believable,True,-0.03802844509482384,Non-real Objects
183,Invalid,Believable,True,-0.11885078996419907,Non-real Objects
184,Invalid,Believable,True,-0.1584116369485855,Non-real Objects
185,Invalid,Believable,True,-0.009596997871994972,Non-real Objects
186,Invalid,Believable,True,-0.3337287902832031,Non-real Objects
187,Invalid,Believable,True,-0.03606203570961952,Non-real Objects
188,Invalid,Believable,True,-0.10580088198184967,Non-real Objects
189,Invalid,Believable,True,-0.13234642148017883,Non-real Objects
190,Invalid,Believable,True,-0.0040037245489656925,Non-real Objects
191,Invalid,Believable,True,-0.07708580046892166,Non-real Objects
192,Invalid,Believable,True,-0.0832042321562767,Non-real Objects
193,Invalid,Believable,True,-0.06453052908182144,Non-real Objects
194,Invalid,Believable,True,-0.0915246531367302,Non-real Objects
195,Valid,Unbelievable,True,-0.3489498496055603,Non-real Objects
196,Valid,Unbelievable,True,-0.10917831212282181,Non-real Objects
197,Valid,Unbelievable,True,-0.08264399319887161,Non-real Objects
198,Valid,Unbelievable,True,-0.12408578395843506,Non-real Objects
199,Valid,Unbelievable,True,-0.0008817598572932184,Non-real Objects
200,Valid,Unbelievable,True,-0.5139495730400085,Non-real Objects
201,Valid,Unbelievable,True,-0.02459140121936798,Non-real Objects
202,Valid,Unbelievable,True,-0.26703956723213196,Non-real Objects
203,Valid,Unbelievable,True,-0.4802969694137573,Non-real Objects
204,Valid,Unbelievable,True,-0.013906959444284439,Non-real Objects
205,Valid,Unbelievable,True,-0.07515574991703033,Non-real Objects
206,Valid,Unbelievable,True,-0.24092550575733185,Non-real Objects
207,Valid,Unbelievable,True,-0.07393477112054825,Non-real Objects
208,Valid,Unbelievable,True,-0.2874322831630707,Non-real Objects
209,Invalid,Unbelievable,True,-0.7588527202606201,Non-real Objects
210,Invalid,Unbelievable,True,-0.0755762979388237,Non-real Objects
211,Invalid,Unbelievable,True,-0.3882856070995331,Non-real Objects
212,Invalid,Unbelievable,False,-0.44431838393211365,Non-real Objects
213,Invalid,Unbelievable,True,-0.007900063879787922,Non-real Objects
214,Invalid,Unbelievable,True,-0.7659618854522705,Non-real Objects
215,Invalid,Unbelievable,True,-0.11041884124279022,Non-real Objects
216,Invalid,Unbelievable,True,-0.33930835127830505,Non-real Objects
217,Invalid,Unbelievable,True,-0.6047015190124512,Non-real Objects
218,Invalid,Unbelievable,True,-0.014636171981692314,Non-real Objects
219,Invalid,Unbelievable,True,-0.39275163412094116,Non-real Objects
220,Invalid,Unbelievable,True,-0.7918316721916199,Non-real Objects
221,Invalid,Unbelievable,True,-0.26032742857933044,Non-real Objects
222,Invalid,Unbelievable,True,-0.34861376881599426,Non-real Objects
223,Valid,Believable,True,-0.3332921862602234,Non-real Objects
224,Valid,Believable,True,-0.06189018860459328,Non-real Objects
225,Valid,Believable,True,-0.25594690442085266,Non-real Objects
226,Valid,Believable,True,-0.2025410234928131,Non-real Objects
227,Valid,Believable,True,-0.0020763759966939688,Non-real Objects
228,Valid,Believable,-1,-inf,Non-real Objects
229,Valid,Believable,True,-0.2226780503988266,Non-real Objects
230,Valid,Believable,False,-0.5979195237159729,Non-real Objects
231,Valid,Believable,True,-0.48482659459114075,Non-real Objects
232,Valid,Believable,True,-0.007160595152527094,Non-real Objects
233,Valid,Believable,True,-0.12499713897705078,Non-real Objects
234,Valid,Believable,True,-0.31158751249313354,Non-real Objects
235,Valid,Believable,True,-0.11009278148412704,Non-real Objects
236,Valid,Believable,True,-0.5653015375137329,Non-real Objects
237,Invalid,Believable,True,-0.38805103302001953,Non-real Objects
238,Invalid,Believable,True,-0.027879755944013596,Non-real Objects
239,Invalid,Believable,True,-0.12312637269496918,Non-real Objects
240,Invalid,Believable,True,-0.17615850269794464,Non-real Objects
241,Invalid,Believable,True,-0.00562228774651885,Non-real Objects
242,Invalid,Believable,-1,-inf,Non-real Objects
243,Invalid,Believable,True,-0.07632145285606384,Non-real Objects
244,Invalid,Believable,True,-0.10142748057842255,Non-real Objects
245,Invalid,Believable,True,-0.15344423055648804,Non-real Objects
246,Invalid,Believable,True,-0.003831784473732114,Non-real Objects
247,Invalid,Believable,True,-0.14895227551460266,Non-real Objects
248,Invalid,Believable,True,-0.15083721280097961,Non-real Objects
249,Invalid,Believable,True,-0.13161063194274902,Non-real Objects
250,Invalid,Believable,True,-0.1192297711968422,Non-real Objects
251,Valid,Unbelievable,True,-0.5326277613639832,Non-real Objects
252,Valid,Unbelievable,True,-0.03109770454466343,Non-real Objects
253,Valid,Unbelievable,True,-0.11634375154972076,Non-real Objects
254,Valid,Unbelievable,True,-0.16557683050632477,Non-real Objects
255,Valid,Unbelievable,True,-0.0004301338049117476,Non-real Objects
256,Valid,Unbelievable,True,-0.6556059718132019,Non-real Objects
257,Valid,Unbelievable,True,-0.04136025533080101,Non-real Objects
258,Valid,Unbelievable,True,-0.13366244733333588,Non-real Objects
259,Valid,Unbelievable,True,-0.3470698595046997,Non-real Objects
260,Valid,Unbelievable,True,-0.00033480284037068486,Non-real Objects
261,Valid,Unbelievable,True,-0.06606682389974594,Non-real Objects
262,Valid,Unbelievable,True,-0.07360003143548965,Non-real Objects
263,Valid,Unbelievable,True,-0.06708354502916336,Non-real Objects
264,Valid,Unbelievable,True,-0.04663977026939392,Non-real Objects
265,Invalid,Unbelievable,True,-0.7148469090461731,Non-real Objects
266,Invalid,Unbelievable,False,-0.15066075325012207,Non-real Objects
267,Invalid,Unbelievable,False,-0.041442375630140305,Non-real Objects
268,Invalid,Unbelievable,False,-0.03911326825618744,Non-real Objects
269,Invalid,Unbelievable,False,-0.07870002090930939,Non-real Objects
270,Invalid,Unbelievable,True,-0.5222673416137695,Non-real Objects
271,Invalid,Unbelievable,False,-0.17138154804706573,Non-real Objects
272,Invalid,Unbelievable,False,-0.03239632397890091,Non-real Objects
273,Invalid,Unbelievable,False,-0.0360269621014595,Non-real Objects
274,Invalid,Unbelievable,False,-0.3554217517375946,Non-real Objects
275,Invalid,Unbelievable,False,-0.36575597524642944,Non-real Objects
276,Invalid,Unbelievable,True,-0.7610650062561035,Non-real Objects
277,Invalid,Unbelievable,False,-0.41090893745422363,Non-real Objects
278,Invalid,Unbelievable,True,-0.265749454498291,Non-real Objects
279,Valid,Believable,True,-0.428440123796463,Non-real Objects
280,Valid,Believable,True,-0.02895861305296421,Non-real Objects
281,Valid,Believable,True,-0.10763377696275711,Non-real Objects
282,Valid,Believable,True,-0.2697082757949829,Non-real Objects
283,Valid,Believable,True,-0.0006453100359067321,Non-real Objects
284,Valid,Believable,True,-0.7555813789367676,Non-real Objects
285,Valid,Believable,True,-0.036565206944942474,Non-real Objects
286,Valid,Believable,True,-0.11162883043289185,Non-real Objects
287,Valid,Believable,True,-0.182010218501091,Non-real Objects
288,Valid,Believable,True,-0.0004857790481764823,Non-real Objects
289,Valid,Believable,True,-0.10621175169944763,Non-real Objects
290,Valid,Believable,True,-0.06925716251134872,Non-real Objects
291,Valid,Believable,True,-0.06710795313119888,Non-real Objects
292,Valid,Believable,True,-0.062483008950948715,Non-real Objects
293,Invalid,Believable,True,-0.23967447876930237,Non-real Objects
294,Invalid,Believable,True,-0.19482769072055817,Non-real Objects
295,Invalid,Believable,False,-0.1305968016386032,Non-real Objects
296,Invalid,Believable,False,-0.06995245814323425,Non-real Objects
297,Invalid,Believable,True,-0.00276314583607018,Non-real Objects
298,Invalid,Believable,True,-0.4196220934391022,Non-real Objects
299,Invalid,Believable,True,-0.10073864459991455,Non-real Objects
300,Invalid,Believable,False,-0.04651961475610733,Non-real Objects
301,Invalid,Believable,False,-0.04323020949959755,Non-real Objects
302,Invalid,Believable,True,-0.0023661255836486816,Non-real Objects
303,Invalid,Believable,True,-0.17477446794509888,Non-real Objects
304,Invalid,Believable,True,-0.07628510892391205,Non-real Objects
305,Invalid,Believable,True,-0.12703420221805573,Non-real Objects
306,Invalid,Believable,True,-0.09727435559034348,Non-real Objects
307,Valid,Unbelievable,True,-0.7191557884216309,Non-real Objects
308,Valid,Unbelievable,True,-0.045605000108480453,Non-real Objects
309,Valid,Unbelievable,True,-0.08722043037414551,Non-real Objects
310,Valid,Unbelievable,True,-0.16433089971542358,Non-real Objects
311,Valid,Unbelievable,True,-0.000302030734019354,Non-real Objects
312,Valid,Unbelievable,True,-0.813088595867157,Non-real Objects
313,Valid,Unbelievable,True,-0.0344008170068264,Non-real Objects
314,Valid,Unbelievable,True,-0.11762768030166626,Non-real Objects
315,Valid,Unbelievable,True,-0.18953204154968262,Non-real Objects
316,Valid,Unbelievable,True,-0.0006074252305552363,Non-real Objects
317,Valid,Unbelievable,True,-0.051807235926389694,Non-real Objects
318,Valid,Unbelievable,True,-0.07447822391986847,Non-real Objects
319,Valid,Unbelievable,True,-0.0515747144818306,Non-real Objects
320,Valid,Unbelievable,True,-0.0660272091627121,Non-real Objects
321,Invalid,Unbelievable,True,-0.2693193256855011,Non-real Objects
322,Invalid,Unbelievable,False,-0.11507847160100937,Non-real Objects
323,Invalid,Unbelievable,False,-0.04119851067662239,Non-real Objects
324,Invalid,Unbelievable,False,-0.06171480566263199,Non-real Objects
325,Invalid,Unbelievable,True,-0.4823990762233734,Non-real Objects
326,Invalid,Unbelievable,True,-0.57887864112854,Non-real Objects
327,Invalid,Unbelievable,False,-0.13104602694511414,Non-real Objects
328,Invalid,Unbelievable,False,-0.0300876684486866,Non-real Objects
329,Invalid,Unbelievable,False,-0.03914502263069153,Non-real Objects
330,Invalid,Unbelievable,False,-0.05737776309251785,Non-real Objects
331,Invalid,Unbelievable,False,-0.5717260241508484,Non-real Objects
332,Invalid,Unbelievable,False,-0.505892276763916,Non-real Objects
333,Invalid,Unbelievable,False,-0.8346195816993713,Non-real Objects
334,Invalid,Unbelievable,False,-0.6422005295753479,Non-real Objects
335,Valid,Believable,True,-0.932273805141449,Non-real Objects
336,Valid,Believable,True,-0.08999355882406235,Non-real Objects
337,Valid,Believable,True,-0.10660979896783829,Non-real Objects
338,Valid,Believable,True,-0.15278899669647217,Non-real Objects
339,Valid,Believable,True,-0.001437583938241005,Non-real Objects
340,Valid,Believable,True,-0.5573427081108093,Non-real Objects
341,Valid,Believable,True,-0.03838701173663139,Non-real Objects
342,Valid,Believable,True,-0.15595167875289917,Non-real Objects
343,Valid,Believable,True,-0.203861802816391,Non-real Objects
344,Valid,Believable,True,-0.00732320686802268,Non-real Objects
345,Valid,Believable,True,-0.061752013862133026,Non-real Objects
346,Valid,Believable,True,-0.0912109836935997,Non-real Objects
347,Valid,Believable,True,-0.053079139441251755,Non-real Objects
348,Valid,Believable,True,-0.06989232450723648,Non-real Objects
349,Invalid,Believable,True,-0.5305910706520081,Non-real Objects
350,Invalid,Believable,True,-0.031043274328112602,Non-real Objects
351,Invalid,Believable,False,-0.7064855694770813,Non-real Objects
352,Invalid,Believable,False,-0.19463008642196655,Non-real Objects
353,Invalid,Believable,True,-0.011837711557745934,Non-real Objects
354,Invalid,Believable,True,-1.2221788167953491,Non-real Objects
355,Invalid,Believable,True,-0.08712591975927353,Non-real Objects
356,Invalid,Believable,False,-0.05404262617230415,Non-real Objects
357,Invalid,Believable,False,-0.05872185900807381,Non-real Objects
358,Invalid,Believable,True,-0.06158445402979851,Non-real Objects
359,Invalid,Believable,True,-0.10888659209012985,Non-real Objects
360,Invalid,Believable,True,-0.63308185338974,Non-real Objects
361,Invalid,Believable,True,-0.17104744911193848,Non-real Objects
362,Invalid,Believable,True,-0.6780493855476379,Non-real Objects
363,Invalid,Unbelievable,True,-0.700191080570221,Non-real Objects
364,Invalid,Unbelievable,True,-0.22427988052368164,Non-real Objects
365,Invalid,Unbelievable,True,-0.11855362355709076,Non-real Objects
366,Invalid,Unbelievable,True,-0.20296236872673035,Non-real Objects
367,Invalid,Unbelievable,True,-0.003056142944842577,Non-real Objects
368,Invalid,Unbelievable,True,-1.0376901626586914,Non-real Objects
369,Invalid,Unbelievable,True,-0.08316177874803543,Non-real Objects
370,Invalid,Unbelievable,True,-0.6200318932533264,Non-real Objects
371,Invalid,Unbelievable,True,-0.540123462677002,Non-real Objects
372,Invalid,Unbelievable,True,-0.00844904687255621,Non-real Objects
373,Invalid,Unbelievable,True,-0.04824205860495567,Non-real Objects
374,Invalid,Unbelievable,True,-0.06213051825761795,Non-real Objects
375,Invalid,Unbelievable,True,-0.03763209655880928,Non-real Objects
376,Invalid,Unbelievable,True,-0.059503257274627686,Non-real Objects
377,Valid,Unbelievable,True,-0.7880330085754395,Non-real Objects
378,Valid,Unbelievable,True,-0.029957525432109833,Non-real Objects
379,Valid,Unbelievable,True,-0.15215657651424408,Non-real Objects
380,Valid,Unbelievable,True,-0.1861729770898819,Non-real Objects
381,Valid,Unbelievable,True,-0.01462207455188036,Non-real Objects
382,Valid,Unbelievable,True,-0.46879711747169495,Non-real Objects
383,Valid,Unbelievable,True,-0.13820643723011017,Non-real Objects
384,Valid,Unbelievable,True,-0.08751209080219269,Non-real Objects
385,Valid,Unbelievable,True,-0.10533782094717026,Non-real Objects
386,Valid,Unbelievable,True,-0.002053892007097602,Non-real Objects
387,Valid,Unbelievable,True,-0.18258213996887207,Non-real Objects
388,Valid,Unbelievable,True,-0.06659337878227234,Non-real Objects
389,Valid,Unbelievable,True,-0.08674123883247375,Non-real Objects
390,Valid,Unbelievable,True,-0.0673857033252716,Non-real Objects
391,Valid,Believable,-1,-inf,Non-real Objects
392,Valid,Believable,True,-0.0718998908996582,Non-real Objects
393,Valid,Believable,True,-0.10857874900102615,Non-real Objects
394,Valid,Believable,True,-0.147598534822464,Non-real Objects
395,Valid,Believable,True,-0.0013455632142722607,Non-real Objects
396,Valid,Believable,-1,-inf,Non-real Objects
397,Valid,Believable,True,-0.07124947011470795,Non-real Objects
398,Valid,Believable,True,-0.1222703754901886,Non-real Objects
399,Valid,Believable,True,-0.15336856245994568,Non-real Objects
400,Valid,Believable,True,-0.001279131742194295,Non-real Objects
401,Valid,Believable,True,-0.14969809353351593,Non-real Objects
402,Valid,Believable,True,-0.11878643184900284,Non-real Objects
403,Valid,Believable,True,-0.10531067103147507,Non-real Objects
404,Valid,Believable,True,-0.11711227148771286,Non-real Objects
405,Invalid,Believable,True,-0.8297857046127319,Non-real Objects
406,Invalid,Believable,True,-0.04890523478388786,Non-real Objects
407,Invalid,Believable,True,-0.1283576339483261,Non-real Objects
408,Invalid,Believable,True,-0.22586773335933685,Non-real Objects
409,Invalid,Believable,True,-0.0013410394312813878,Non-real Objects
410,Invalid,Believable,True,-0.5964436531066895,Non-real Objects
411,Invalid,Believable,True,-0.051139865070581436,Non-real Objects
412,Invalid,Believable,False,-0.02883226051926613,Non-real Objects
413,Invalid,Believable,False,-0.040251992642879486,Non-real Objects
414,Invalid,Believable,True,-0.011846782639622688,Non-real Objects
415,Invalid,Believable,True,-0.08255278319120407,Non-real Objects
416,Invalid,Believable,True,-0.13301195204257965,Non-real Objects
417,Invalid,Believable,True,-0.08260524272918701,Non-real Objects
418,Invalid,Believable,True,-0.16609986126422882,Non-real Objects
419,Valid,Unbelievable,True,-0.3260136544704437,Non-real Objects
420,Valid,Unbelievable,True,-0.04827023297548294,Non-real Objects
421,Valid,Unbelievable,True,-0.06393589824438095,Non-real Objects
422,Valid,Unbelievable,True,-0.11865261942148209,Non-real Objects
423,Valid,Unbelievable,True,-0.00020597243565134704,Non-real Objects
424,Valid,Unbelievable,True,-0.514755368232727,Non-real Objects
425,Valid,Unbelievable,True,-0.047783032059669495,Non-real Objects
426,Valid,Unbelievable,True,-0.09279986470937729,Non-real Objects
427,Valid,Unbelievable,True,-0.18264837563037872,Non-real Objects
428,Valid,Unbelievable,True,-0.0002444683632347733,Non-real Objects
429,Valid,Unbelievable,True,-0.04147394374012947,Non-real Objects
430,Valid,Unbelievable,True,-0.06167423352599144,Non-real Objects
431,Valid,Unbelievable,True,-0.03669518232345581,Non-real Objects
432,Valid,Unbelievable,True,-0.05921825394034386,Non-real Objects
433,Invalid,Unbelievable,True,-0.3727547228336334,Non-real Objects
434,Invalid,Unbelievable,False,-0.15949533879756927,Non-real Objects
435,Invalid,Unbelievable,False,-0.03570022061467171,Non-real Objects
436,Invalid,Unbelievable,False,-0.034345876425504684,Non-real Objects
437,Invalid,Unbelievable,True,-0.16577136516571045,Non-real Objects
438,Invalid,Unbelievable,False,-1.4155269861221313,Non-real Objects
439,Invalid,Unbelievable,False,-0.21720246970653534,Non-real Objects
440,Invalid,Unbelievable,False,-0.029087960720062256,Non-real Objects
441,Invalid,Unbelievable,False,-0.028591206297278404,Non-real Objects
442,Invalid,Unbelievable,False,-0.002107067732140422,Non-real Objects
443,Invalid,Unbelievable,True,-0.7194124460220337,Non-real Objects
444,Invalid,Unbelievable,False,-0.46635523438453674,Non-real Objects
445,Invalid,Unbelievable,False,-0.9253036975860596,Non-real Objects
446,Invalid,Unbelievable,False,-0.5838241577148438,Non-real Objects
447,Invalid,Believable,-1,-inf,Non-real Objects
448,Invalid,Believable,True,-0.06630135327577591,Non-real Objects
449,Invalid,Believable,True,-0.08481497317552567,Non-real Objects
450,Invalid,Believable,True,-0.16190047562122345,Non-real Objects
451,Invalid,Believable,True,-0.0027643346693366766,Non-real Objects
452,Invalid,Believable,True,-0.3038456439971924,Non-real Objects
453,Invalid,Believable,True,-0.16860179603099823,Non-real Objects
454,Invalid,Believable,True,-0.3898123502731323,Non-real Objects
455,Invalid,Believable,True,-0.5632450580596924,Non-real Objects
456,Invalid,Believable,True,-0.04910796135663986,Non-real Objects
457,Invalid,Believable,True,-0.15137918293476105,Non-real Objects
458,Invalid,Believable,True,-0.1260119378566742,Non-real Objects
459,Invalid,Believable,True,-0.14889289438724518,Non-real Objects
460,Invalid,Believable,True,-0.1369478404521942,Non-real Objects
461,Valid,Believable,True,-1.169149398803711,Non-real Objects
462,Valid,Believable,True,-0.08812462538480759,Non-real Objects
463,Valid,Believable,True,-0.08127827197313309,Non-real Objects
464,Valid,Believable,True,-0.09735644608736038,Non-real Objects
465,Valid,Believable,True,-0.0009260656661354005,Non-real Objects
466,Valid,Believable,-1,-inf,Non-real Objects
467,Valid,Believable,True,-0.057644836604595184,Non-real Objects
468,Valid,Believable,True,-0.18909896910190582,Non-real Objects
469,Valid,Believable,True,-0.16533152759075165,Non-real Objects
470,Valid,Believable,True,-0.002357919467613101,Non-real Objects
471,Valid,Believable,True,-0.09636486321687698,Non-real Objects
472,Valid,Believable,True,-0.12408377975225449,Non-real Objects
473,Valid,Believable,True,-0.11790001392364502,Non-real Objects
474,Valid,Believable,True,-0.09575746208429337,Non-real Objects
475,Invalid,Unbelievable,True,-0.2323271930217743,Non-real Objects
476,Invalid,Unbelievable,True,-0.045310311019420624,Non-real Objects
477,Invalid,Unbelievable,False,-0.1483096033334732,Non-real Objects
478,Invalid,Unbelievable,False,-0.2439037710428238,Non-real Objects
479,Invalid,Unbelievable,True,-0.0007714632665738463,Non-real Objects
480,Invalid,Unbelievable,True,-0.3560140132904053,Non-real Objects
481,Invalid,Unbelievable,True,-0.08906160295009613,Non-real Objects
482,Invalid,Unbelievable,False,-0.11853742599487305,Non-real Objects
483,Invalid,Unbelievable,True,-0.9003219604492188,Non-real Objects
484,Invalid,Unbelievable,True,-0.002441522665321827,Non-real Objects
485,Invalid,Unbelievable,True,-0.3328331410884857,Non-real Objects
486,Invalid,Unbelievable,True,-0.07690699398517609,Non-real Objects
487,Invalid,Unbelievable,True,-0.18825410306453705,Non-real Objects
488,Invalid,Unbelievable,True,-0.10489428788423538,Non-real Objects
489,Valid,Unbelievable,True,-0.436723530292511,Non-real Objects
490,Valid,Unbelievable,True,-0.03717689961194992,Non-real Objects
491,Valid,Unbelievable,True,-0.06794063746929169,Non-real Objects
492,Valid,Unbelievable,True,-0.12612920999526978,Non-real Objects
493,Valid,Unbelievable,True,-0.0005837167263962328,Non-real Objects
494,Valid,Unbelievable,True,-0.7390999794006348,Non-real Objects
495,Valid,Unbelievable,True,-0.04022325202822685,Non-real Objects
496,Valid,Unbelievable,True,-0.0891343355178833,Non-real Objects
497,Valid,Unbelievable,True,-0.1227082684636116,Non-real Objects
498,Valid,Unbelievable,True,-0.0004107108688913286,Non-real Objects
499,Valid,Unbelievable,True,-0.06809421628713608,Non-real Objects
500,Valid,Unbelievable,True,-0.0668250024318695,Non-real Objects
501,Valid,Unbelievable,True,-0.047764167189598083,Non-real Objects
502,Valid,Unbelievable,True,-0.07586916536092758,Non-real Objects
503,Valid,Unbelievable,True,-1.2434875965118408,Non-real Objects
504,Valid,Unbelievable,True,-0.029548704624176025,Non-real Objects
505,Valid,Unbelievable,True,-0.18448905646800995,Non-real Objects
506,Valid,Unbelievable,True,-0.2624097168445587,Non-real Objects
507,Valid,Unbelievable,True,-0.0004912600270472467,Non-real Objects
508,Valid,Unbelievable,True,-0.41785305738449097,Non-real Objects
509,Valid,Unbelievable,True,-0.028409190475940704,Non-real Objects
510,Valid,Unbelievable,True,-0.2763743996620178,Non-real Objects
511,Valid,Unbelievable,True,-0.48248958587646484,Non-real Objects
512,Valid,Unbelievable,True,-0.0004752936656586826,Non-real Objects
513,Valid,Unbelievable,True,-0.07568671554327011,Non-real Objects
514,Valid,Unbelievable,True,-0.0841159075498581,Non-real Objects
515,Valid,Unbelievable,True,-0.09514503180980682,Non-real Objects
516,Valid,Unbelievable,True,-0.06633582711219788,Non-real Objects
517,Invalid,Unbelievable,True,-0.373318612575531,Non-real Objects
518,Invalid,Unbelievable,True,-0.01967918500304222,Non-real Objects
519,Invalid,Unbelievable,True,-0.3414691388607025,Non-real Objects
520,Invalid,Unbelievable,True,-0.4458903670310974,Non-real Objects
521,Invalid,Unbelievable,True,-0.0006301801186054945,Non-real Objects
522,Invalid,Unbelievable,True,-0.6663364171981812,Non-real Objects
523,Invalid,Unbelievable,True,-0.018707972019910812,Non-real Objects
524,Invalid,Unbelievable,True,-0.17701314389705658,Non-real Objects
525,Invalid,Unbelievable,True,-0.26015567779541016,Non-real Objects
526,Invalid,Unbelievable,True,-0.0017829725984483957,Non-real Objects
527,Invalid,Unbelievable,True,-0.14066046476364136,Non-real Objects
528,Invalid,Unbelievable,True,-0.08653179556131363,Non-real Objects
529,Invalid,Unbelievable,True,-0.1192760095000267,Non-real Objects
530,Invalid,Unbelievable,True,-0.10560975968837738,Non-real Objects
531,Valid,Believable,True,-0.6090210676193237,Non-real Objects
532,Valid,Believable,True,-0.1315576434135437,Non-real Objects
533,Valid,Believable,False,-0.06449811905622482,Non-real Objects
534,Valid,Believable,False,-0.11601611971855164,Non-real Objects
535,Valid,Believable,True,-0.010514930821955204,Non-real Objects
536,Valid,Believable,-1,-inf,Non-real Objects
537,Valid,Believable,True,-0.037007126957178116,Non-real Objects
538,Valid,Believable,True,-0.361978679895401,Non-real Objects
539,Valid,Believable,True,-0.174058735370636,Non-real Objects
540,Valid,Believable,True,-0.0016551617300137877,Non-real Objects
541,Valid,Believable,True,-0.16869857907295227,Non-real Objects
542,Valid,Believable,True,-0.09634970873594284,Non-real Objects
543,Valid,Believable,True,-0.167311429977417,Non-real Objects
544,Valid,Believable,True,-0.10536689311265945,Non-real Objects
545,Invalid,Believable,True,-0.38293561339378357,Non-real Objects
546,Invalid,Believable,True,-0.4955296218395233,Non-real Objects
547,Invalid,Believable,False,-0.03959313780069351,Non-real Objects
548,Invalid,Believable,False,-0.03975708782672882,Non-real Objects
549,Invalid,Believable,True,-0.009905233047902584,Non-real Objects
550,Invalid,Believable,True,-0.4649064838886261,Non-real Objects
551,Invalid,Believable,True,-0.05980030819773674,Non-real Objects
552,Invalid,Believable,False,-0.03570171445608139,Non-real Objects
553,Invalid,Believable,False,-0.32134896516799927,Non-real Objects
554,Invalid,Believable,True,-0.014638286083936691,Non-real Objects
555,Invalid,Believable,True,-0.26332569122314453,Non-real Objects
556,Invalid,Believable,True,-0.12688961625099182,Non-real Objects
557,Invalid,Believable,True,-0.4843457043170929,Non-real Objects
558,Invalid,Believable,True,-0.14327934384346008,Non-real Objects
559,Valid,Believable,True,-0.6613246202468872,Non-real Objects
560,Valid,Believable,True,-0.8010045289993286,Non-real Objects
561,Valid,Believable,False,-0.033090729266405106,Non-real Objects
562,Valid,Believable,False,-0.031493186950683594,Non-real Objects
563,Valid,Believable,True,-0.012722400017082691,Non-real Objects
564,Valid,Believable,True,-0.6780802011489868,Non-real Objects
565,Valid,Believable,False,-0.2759908437728882,Non-real Objects
566,Valid,Believable,True,-0.2894060015678406,Non-real Objects
567,Valid,Believable,False,-0.66610187292099,Non-real Objects
568,Valid,Believable,True,-0.0024333172477781773,Non-real Objects
569,Valid,Believable,False,-0.8579834699630737,Non-real Objects
570,Valid,Believable,True,-0.7171820998191833,Non-real Objects
571,Valid,Believable,True,-0.4228193759918213,Non-real Objects
572,Valid,Believable,True,-0.60201096534729,Non-real Objects
573,Invalid,Believable,True,-0.5264105796813965,Non-real Objects
574,Invalid,Believable,True,-0.07508785277605057,Non-real Objects
575,Invalid,Believable,False,-0.041654396802186966,Non-real Objects
576,Invalid,Believable,False,-0.7261754870414734,Non-real Objects
577,Invalid,Believable,True,-0.0032145516015589237,Non-real Objects
578,Invalid,Believable,True,-0.3823394775390625,Non-real Objects
579,Invalid,Believable,True,-0.3599802553653717,Non-real Objects
580,Invalid,Believable,False,-0.09274108707904816,Non-real Objects
581,Invalid,Believable,False,-0.13379113376140594,Non-real Objects
582,Invalid,Believable,True,-0.007259656675159931,Non-real Objects
583,Invalid,Believable,True,-0.18479065597057343,Non-real Objects
584,Invalid,Believable,False,-0.7013517618179321,Non-real Objects
585,Invalid,Believable,True,-0.10721525549888611,Non-real Objects
586,Invalid,Believable,True,-0.3762357831001282,Non-real Objects
587,Valid,Unbelievable,True,-0.6841760873794556,Non-real Objects
588,Valid,Unbelievable,True,-0.030206460505723953,Non-real Objects
589,Valid,Unbelievable,True,-0.11544571071863174,Non-real Objects
590,Valid,Unbelievable,True,-0.22403883934020996,Non-real Objects
591,Valid,Unbelievable,True,-0.00031442465842701495,Non-real Objects
592,Valid,Unbelievable,True,-0.40243029594421387,Non-real Objects
593,Valid,Unbelievable,True,-0.03880289942026138,Non-real Objects
594,Valid,Unbelievable,True,-0.1266617327928543,Non-real Objects
595,Valid,Unbelievable,True,-0.21922056376934052,Non-real Objects
596,Valid,Unbelievable,True,-0.0006087357178330421,Non-real Objects
597,Valid,Unbelievable,True,-0.0870569720864296,Non-real Objects
598,Valid,Unbelievable,True,-0.060425788164138794,Non-real Objects
599,Valid,Unbelievable,True,-0.06857930123806,Non-real Objects
600,Valid,Unbelievable,True,-0.07637424767017365,Non-real Objects
601,Invalid,Unbelievable,True,-0.7693000435829163,Non-real Objects
602,Invalid,Unbelievable,False,-0.1438950151205063,Non-real Objects
603,Invalid,Unbelievable,False,-0.041182953864336014,Non-real Objects
604,Invalid,Unbelievable,False,-0.059259600937366486,Non-real Objects
605,Invalid,Unbelievable,False,-0.002557580592110753,Non-real Objects
606,Invalid,Unbelievable,True,-0.5638464689254761,Non-real Objects
607,Invalid,Unbelievable,False,-0.09481644630432129,Non-real Objects
608,Invalid,Unbelievable,False,-0.03484001010656357,Non-real Objects
609,Invalid,Unbelievable,False,-0.03840387240052223,Non-real Objects
610,Invalid,Unbelievable,True,-0.2577688992023468,Non-real Objects
611,Invalid,Unbelievable,False,-0.6605787873268127,Non-real Objects
612,Invalid,Unbelievable,False,-0.6090865135192871,Non-real Objects
613,Invalid,Unbelievable,False,-0.6958706378936768,Non-real Objects
614,Invalid,Unbelievable,False,-0.7778457403182983,Non-real Objects
615,Valid,Believable,True,-1.1267938613891602,Non-real Objects
616,Valid,Believable,True,-0.06032837927341461,Non-real Objects
617,Valid,Believable,True,-0.19966274499893188,Non-real Objects
618,Valid,Believable,True,-0.37212830781936646,Non-real Objects
619,Valid,Believable,True,-0.002765404526144266,Non-real Objects
620,Valid,Believable,True,-0.8029342889785767,Non-real Objects
621,Valid,Believable,True,-0.056368473917245865,Non-real Objects
622,Valid,Believable,True,-0.13438785076141357,Non-real Objects
623,Valid,Believable,True,-0.1829601526260376,Non-real Objects
624,Valid,Believable,True,-0.008764252997934818,Non-real Objects
625,Valid,Believable,True,-0.12716542184352875,Non-real Objects
626,Valid,Believable,True,-0.1650543212890625,Non-real Objects
627,Valid,Believable,True,-0.1380109190940857,Non-real Objects
628,Valid,Believable,True,-0.14523036777973175,Non-real Objects
629,Invalid,Believable,True,-1.0280917882919312,Non-real Objects
630,Invalid,Believable,True,-0.03142133355140686,Non-real Objects
631,Invalid,Believable,True,-0.11813477426767349,Non-real Objects
632,Invalid,Believable,True,-0.22070461511611938,Non-real Objects
633,Invalid,Believable,True,-0.01933407597243786,Non-real Objects
634,Invalid,Believable,True,-0.40675103664398193,Non-real Objects
635,Invalid,Believable,True,-0.05385874584317207,Non-real Objects
636,Invalid,Believable,True,-0.13988889753818512,Non-real Objects
637,Invalid,Believable,True,-0.2312977910041809,Non-real Objects
638,Invalid,Believable,True,-0.00785535667091608,Non-real Objects
639,Invalid,Believable,True,-0.14717428386211395,Non-real Objects
640,Invalid,Believable,True,-0.14035436511039734,Non-real Objects
641,Invalid,Believable,True,-0.09256212413311005,Non-real Objects
642,Invalid,Believable,True,-0.09599509835243225,Non-real Objects
643,Valid,Unbelievable,True,-0.4743983745574951,Non-real Objects
644,Valid,Unbelievable,True,-0.0438586100935936,Non-real Objects
645,Valid,Unbelievable,True,-0.1280861496925354,Non-real Objects
646,Valid,Unbelievable,True,-0.18470314145088196,Non-real Objects
647,Valid,Unbelievable,True,-0.009946544654667377,Non-real Objects
648,Valid,Unbelievable,True,-0.4515385627746582,Non-real Objects
649,Valid,Unbelievable,True,-0.026205692440271378,Non-real Objects
650,Valid,Unbelievable,True,-0.10398203134536743,Non-real Objects
651,Valid,Unbelievable,True,-0.11102039366960526,Non-real Objects
652,Valid,Unbelievable,True,-0.0047764964401721954,Non-real Objects
653,Valid,Unbelievable,True,-0.08528599143028259,Non-real Objects
654,Valid,Unbelievable,True,-0.09793910384178162,Non-real Objects
655,Valid,Unbelievable,True,-0.09597159177064896,Non-real Objects
656,Valid,Unbelievable,True,-0.0989706963300705,Non-real Objects
657,Invalid,Unbelievable,True,-0.6080629825592041,Non-real Objects
658,Invalid,Unbelievable,True,-0.037316903471946716,Non-real Objects
659,Invalid,Unbelievable,True,-0.2313118875026703,Non-real Objects
660,Invalid,Unbelievable,True,-0.3362118899822235,Non-real Objects
661,Invalid,Unbelievable,True,-0.035045724362134933,Non-real Objects
662,Invalid,Unbelievable,True,-0.8042475581169128,Non-real Objects
663,Invalid,Unbelievable,True,-0.04603121802210808,Non-real Objects
664,Invalid,Unbelievable,True,-0.12466917186975479,Non-real Objects
665,Invalid,Unbelievable,True,-0.2459297925233841,Non-real Objects
666,Invalid,Unbelievable,True,-0.011737452819943428,Non-real Objects
667,Invalid,Unbelievable,True,-0.25293436646461487,Non-real Objects
668,Invalid,Unbelievable,True,-0.057862672954797745,Non-real Objects
669,Invalid,Unbelievable,True,-0.7652212381362915,Non-real Objects
670,Invalid,Unbelievable,True,-0.07736267149448395,Non-real Objects
